Word,Frequency
trump,1519
opinion,740
analysis,394
impeachment,261
mueller,249
perspective,226
president,213
house,211
dies,184
watergate,167
nixon,163
about,161
russia,147
democrats,143
white,118
donald,106
review,101
republicans,100
power,98
over,95
washington,94
justice,88
may,88
report,88
now,87
comey,84
your,82
court,80
clinton,78
barr,74
john,74
congress,72
should,71
news,70
russian,70
america,67
election,66
history,64
presidential,64
investigation,63
tv,62
like,61
time,61
don,60
gop,60
state,60
against,59
first,57
right,57
executive,56
senate,56
fbi,54
political,52
would,52
american,51
column,51
supreme,51
won,51
law,50
post,50
scandal,50
inquiry,49
into,49
republican,49
there,49
things,48
times,48
know,47
politics,47
presidency,47
our,46
years,46
briefing,45
day,45
down,45
former,45
media,45
biden,44
firing,44
obama,44
today,44
william,44
campaign,43
did,43
even,43
need,43
re,43
general,42
does,41
her,41
presidents,41
roger,41
two,41
been,40
stone,40
us,40
hearing,39
hearings,39
michael,39
people,39
still,39
tax,39
testimony,39
back,38
book,38
case,38
cohen,38
democratic,38
legal,38
public,38
richard,38
year,38
james,37
robert,37
shows,37
ukraine,37
world,37
attorney,36
hillary,36
make,36
probe,36
show,36
under,36
want,36
americans,35
conspiracy,35
big,34
democracy,34
fight,34
again,33
counsel,33
crisis,33
judge,33
kavanaugh,33
say,33
these,33
best,32
must,32
special,32
them,32
were,32
worse,32
returns,31
vote,31
bill,30
call,30
george,30
government,30
made,30
office,30
own,30
take,30
administration,29
himself,29
night,29
sessions,29
before,28
department,28
doesn,28
end,28
era,28
far,28
good,28
lawyer,28
life,28
other,28
some,28
war,28
bob,27
chief,27
isn,27
let,27
most,27
much,27
party,27
pelosi,27
questions,27
set,27
story,27
way,27
another,26
calls,26
committee,26
last,26
newsletter,26
only,26
think,26
very,26
wrong,26
california,25
claim,25
days,25
director,25
editor,25
my,25
really,25
defense,24
latest,24
long,24
next,24
three,24
where,24
woodward,24
dead,23
foreign,23
go,23
graham,23
protect,23
readers,23
trial,23
dept,22
during,22
got,22
had,22
impeach,22
lost,22
man,22
national,22
once,22
press,22
release,22
transcript,22
bad,21
claims,21
congressional,21
country,21
dean,21
debate,21
ever,21
giuliani,21
great,21
never,21
pardon,21
tom,21
too,21
top,21
age,20
candidates,20
corruption,20
deep,20
didn,20
evidence,20
fire,20
five,20
four,20
fox,20
goes,20
going,20
inside,20
lawyers,20
mcgahn,20
paul,20
privilege,20
sunday,20
team,20
tell,20
truth,20
yes,20
york,20
anti,19
attacks,19
constitutional,19
deal,19
every,19
full,19
help,19
joe,19
journalism,19
key,19
left,19
live,19
look,19
might,19
money,19
movie,19
problem,19
reporter,19
see,19
virginia,19
win,19
art,18
battle,18
coronavirus,18
different,18
free,18
jeff,18
possible,18
prosecutors,18
putin,18
real,18
secret,18
secretary,18
support,18
ve,18
wants,18
above,17
act,17
area,17
between,17
break,17
bush,17
carter,17
challenge,17
federal,17
give,17
helped,17
hold,17
home,17
impeaching,17
jr,17
legacy,17
lies,17
making,17
me,17
memo,17
moment,17
nothing,17
obstruction,17
past,17
question,17
scandals,17
stop,17
thing,17
turn,17
twitter,17
actually,16
behind,16
better,16
both,16
email,16
ethics,16
faces,16
future,16
getting,16
job,16
learn,16
matter,16
matters,16
morning,16
old,16
pick,16
ready,16
rule,16
said,16
saturday,16
save,16
she,16
star,16
subpoena,16
then,16
threat,16
through,16
used,16
watch,16
weekend,16
work,16
worst,16
ago,15
care,15
congressman,15
editorial,15
facts,15
fake,15
german,15
impeached,15
intelligence,15
journalist,15
line,15
lot,15
makes,15
many,15
movies,15
open,15
order,15
part,15
play,15
prosecutor,15
race,15
react,15
run,15
senators,15
survive,15
takes,15
talk,15
voters,15
vs,15
wall,15
wiretapping,15
without,15
always,14
because,14
ben,14
bolton,14
criminal,14
decision,14
elections,14
enough,14
everything,14
ex,14
find,14
flynn,14
gets,14
governor,14
guide,14
hope,14
important,14
investigate,14
jimmy,14
keep,14
leader,14
loved,14
massacre,14
men,14
move,14
needs,14
officials,14
process,14
records,14
schiff,14
testify,14
theory,14
thursday,14
union,14
whether,14
adam,13
ahead,13
aren,13
articles,13
black,13
change,13
comes,13
danger,13
despite,13
emails,13
final,13
finds,13
force,13
health,13
high,13
lead,13
leaders,13
manafort,13
mean,13
monday,13
north,13
revelations,13
strategy,13
syria,13
takeaways,13
talks,13
tapes,13
theories,13
TRUE,13
tuesday,13
turned,13
vietnam,13
wars,13
wasn,13
women,13
yet,13
acting,12
address,12
ask,12
away,12
being,12
brought,12
decades,12
democrat,12
done,12
film,12
grand,12
hill,12
hotel,12
kennedy,12
liberal,12
list,12
ll,12
moments,12
mr,12
nation,12
policy,12
pompeo,12
pulitzer,12
reagan,12
rules,12
sanders,12
since,12
stephen,12
summer,12
warning,12
watching,12
wednesday,12
winning,12
wiretap,12
ambassador,11
archives,11
around,11
believe,11
bid,11
biggest,11
billy,11
bits,11
block,11
bradlee,11
capitol,11
changed,11
close,11
cnn,11
come,11
conservative,11
coverage,11
dinner,11
elizabeth,11
essential,11
expect,11
explains,11
fired,11
ford,11
found,11
front,11
galleries,11
hear,11
interference,11
interview,11
iowa,11
journalists,11
judiciary,11
keeps,11
korea,11
led,11
little,11
mark,11
moore,11
network,11
nunes,11
off,11
official,11
oversight,11
pbs,11
place,11
plan,11
pressure,11
primary,11
rights,11
roy,11
same,11
senator,11
south,11
speech,11
took,11
toward,11
try,11
trying,11
turns,11
while,11
amid,10
approach,10
begins,10
bigger,10
books,10
bring,10
career,10
charges,10
contempt,10
conway,10
crime,10
critics,10
defend,10
demand,10
drama,10
emergency,10
fall,10
FALSE,10
family,10
follow,10
investigations,10
itself,10
jury,10
late,10
laws,10
leave,10
letters,10
lie,10
looks,10
major,10
mcconnell,10
nominee,10
offers,10
oil,10
parties,10
price,10
private,10
protests,10
record,10
rep,10
road,10
second,10
seven,10
source,10
spicer,10
syrian,10
thanks,10
told,10
tried,10
use,10
video,10
wanted,10
warren,10
which,10
woman,10
adviser,9
answer,9
any,9
anything,9
asked,9
author,9
ban,9
bernie,9
breaking,9
brexit,9
british,9
check,9
civil,9
class,9
death,9
delivers,9
diplomat,9
divided,9
documentary,9
doing,9
enemy,9
face,9
fact,9
failure,9
faith,9
figure,9
films,9
finance,9
following,9
friday,9
friend,9
ginsburg,9
happen,9
happened,9
idea,9
king,9
leaks,9
leaves,9
letter,9
map,9
mess,9
mike,9
million,9
modern,9
month,9
nuclear,9
oscar,9
pandemic,9
partisan,9
personal,9
plans,9
politicians,9
put,9
reports,9
resistance,9
risk,9
ruth,9
school,9
security,9
sees,9
self,9
sex,9
short,9
soon,9
spy,9
stand,9
start,9
style,9
subpoenas,9
system,9
taxes,9
tells,9
term,9
those,9
visit,9
voice,9
water,9
ways,9
whose,9
winter,9
abuse,8
account,8
agnew,8
april,8
attack,8
bader,8
become,8
blow,8
brings,8
broke,8
candidate,8
cannot,8
cbs,8
century,8
chance,8
cheat,8
clear,8
co,8
coming,8
cost,8
dangerous,8
david,8
deaths,8
decide,8
eat,8
echoes,8
efforts,8
else,8
exactly,8
facebook,8
fears,8
few,8
finally,8
financial,8
fires,8
florida,8
fraud,8
gone,8
guilty,8
happens,8
happy,8
heart,8
historic,8
independent,8
investigators,8
july,8
june,8
less,8
likely,8
lindsey,8
majority,8
maybe,8
means,8
meet,8
meeting,8
minutes,8
mission,8
moves,8
museum,8
netflix,8
nomination,8
nov,8
oliver,8
others,8
outrage,8
papers,8
pardons,8
pence,8
precedent,8
probably,8
puts,8
rage,8
reason,8
reasons,8
refused,8
rejects,8
remember,8
remembering,8
reporters,8
reporting,8
response,8
rise,8
saying,8
sean,8
secrets,8
seeks,8
shouldn,8
small,8
son,8
spotlight,8
states,8
suggests,8
supporters,8
sure,8
talking,8
tcm,8
themselves,8
ties,8
trailer,8
transparency,8
united,8
university,8
until,8
veteran,8
views,8
worry,8
worth,8
young,8
accused,7
action,7
african,7
agency,7
aide,7
air,7
aleppo,7
alice,7
allies,7
alone,7
also,7
andrew,7
anyone,7
appeals,7
assassination,7
bannon,7
becoming,7
brown,7
built,7
business,7
called,7
calling,7
challenges,7
cia,7
city,7
colbert,7
commentary,7
confirmation,7
conflict,7
conversation,7
critique,7
cultural,7
demands,7
devos,7
dick,7
diplomats,7
documents,7
drop,7
evangelicals,7
everyone,7
fame,7
father,7
felt,7
festival,7
files,7
forget,7
game,7
games,7
germany,7
god,7
greatest,7
gun,7
half,7
hand,7
hard,7
head,7
immigration,7
impeachable,7
independence,7
indicted,7
institutions,7
investigating,7
issue,7
kids,7
lawmakers,7
light,7
lose,7
losing,7
low,7
loyalty,7
maryland,7
mind,7
mitch,7
months,7
moscow,7
name,7
normal,7
oct,7
orders,7
panel,7
path,7
pay,7
point,7
police,7
poll,7
powerful,7
prison,7
prize,7
prosecute,7
protecting,7
prove,7
raise,7
read,7
reading,7
reality,7
released,7
remove,7
restaurant,7
role,7
rudy,7
ruling,7
running,7
safe,7
sally,7
seek,7
sen,7
sense,7
sept,7
side,7
silence,7
simple,7
six,7
sondland,7
street,7
strong,7
struggle,7
taking,7
tale,7
target,7
terror,7
test,7
travel,7
view,7
warns,7
watchdog,7
witness,7
witnesses,7
words,7
yates,7
access,6
accountable,6
accuses,6
across,6
actions,6
afraid,6
aides,6
al,6
allegations,6
alleged,6
ally,6
almost,6
along,6
already,6
amc,6
amendment,6
anchor,6
anonymous,6
anthony,6
asks,6
attorneys,6
berlin,6
betsy,6
brett,6
budget,6
build,6
buy,6
captain,6
cases,6
chaos,6
charge,6
checking,6
chef,6
child,6
china,6
club,6
cold,6
college,6
commission,6
consider,6
continues,6
control,6
conversations,6
count,6
coup,6
critic,6
cruz,6
damage,6
daniels,6
dark,6
daughter,6
de,6
dershowitz,6
deserve,6
deserves,6
disclosure,6
doj,6
duty,6
early,6
economy,6
ends,6
envoy,6
evening,6
experts,6
explained,6
faced,6
facing,6
famous,6
favorite,6
feel,6
feud,6
fourth,6
freedom,6
gave,6
georgia,6
hate,6
hero,6
highlights,6
hit,6
hollywood,6
homeless,6
honest,6
hour,6
hours,6
hurricane,6
ice,6
ideas,6
indict,6
indictment,6
inspired,6
instead,6
investigated,6
iran,6
ivanka,6
jfk,6
jim,6
join,6
kelly,6
ken,6
kenneth,6
killed,6
kind,6
land,6
lawsuit,6
least,6
leaving,6
liar,6
library,6
lives,6
lock,6
love,6
machine,6
march,6
martin,6
merkel,6
message,6
midterms,6
military,6
minister,6
ministry,6
missed,6
missing,6
nbc,6
offer,6
online,6
pentagon,6
photos,6
pre,6
present,6
pro,6
problems,6
proved,6
proves,6
pushes,6
quote,6
races,6
raises,6
reaction,6
red,6
reforms,6
reminds,6
residents,6
results,6
reveal,6
rising,6
romney,6
rosenstein,6
ryan,6
season,6
sell,6
serious,6
sets,6
share,6
shutdown,6
sides,6
signs,6
something,6
sound,6
sounds,6
speak,6
speaker,6
spielberg,6
stage,6
starr,6
stars,6
stein,6
storm,6
students,6
stupid,6
swamp,6
teach,6
thought,6
threats,6
tough,6
town,6
trumpism,6
trust,6
tweet,6
un,6
unlikely,6
votes,6
voting,6
wait,6
watchdogs,6
welcome,6
west,6
wild,6
wins,6
able,5
abortion,5
acquittal,5
acts,5
agrees,5
aim,5
alan,5
alexander,5
among,5
angeles,5
answers,5
appears,5
arguments,5
aside,5
asking,5
assault,5
athletes,5
authority,5
awful,5
bar,5
barack,5
baron,5
became,5
becomes,5
bernstein,5
beyond,5
blue,5
boring,5
bribery,5
britain,5
brokaw,5
brother,5
bubble,5
burns,5
cabinet,5
card,5
center,5
challenged,5
championed,5
changes,5
changing,5
charity,5
children,5
choice,5
christmas,5
collusion,5
comic,5
comics,5
community,5
complicated,5
consequences,5
conservatives,5
considering,5
constitution,5
controversy,5
cool,5
cooperate,5
corrections,5
courts,5
crazy,5
criticizes,5
cup,5
dan,5
defends,5
define,5
discuss,5
distinguished,5
doubt,5
dream,5
drink,5
easy,5
education,5
eight,5
emerges,5
enemies,5
eu,5
expert,5
failed,5
fair,5
fans,5
finding,5
fix,5
food,5
forces,5
fray,5
fred,5
friends,5
further,5
giant,5
goldman,5
green,5
ground,5
hacking,5
harder,5
harris,5
headlines,5
heard,5
hints,5
historically,5
hot,5
including,5
increasingly,5
influential,5
informant,5
innocent,5
inquiries,5
insists,5
inspector,5
israel,5
jan,5
jersey,5
johnson,5
jokes,5
keeping,5
kellyanne,5
kiev,5
known,5
koch,5
kremlin,5
language,5
launch,5
lawmaker,5
learned,5
lehrer,5
lesson,5
lessons,5
listen,5
local,5
los,5
mad,5
madness,5
mayhew,5
mccain,5
mccarthy,5
meetings,5
member,5
millions,5
minds,5
misleading,5
miss,5
mnuchin,5
movement,5
moving,5
multiple,5
nancy,5
nature,5
netanyahu,5
newshour,5
nhs,5
nine,5
nobody,5
novel,5
obamagate,5
offense,5
often,5
ohio,5
openings,5
opinions,5
original,5
oscars,5
outside,5
oval,5
panic,5
paris,5
park,5
pasta,5
pat,5
peace,5
perfect,5
plea,5
plot,5
plus,5
points,5
polls,5
potential,5
powers,5
prevent,5
priebus,5
proceedings,5
purge,5
push,5
pushing,5
quiet,5
quit,5
rain,5
rally,5
reads,5
reflects,5
refusal,5
relationship,5
remain,5
reminder,5
reported,5
restore,5
revealing,5
rex,5
rhetoric,5
river,5
sanctions,5
scalia,5
scenes,5
scholars,5
schools,5
search,5
seen,5
sent,5
series,5
serve,5
service,5
seymour,5
shadow,5
sharp,5
showtime,5
shut,5
sign,5
sitting,5
smoking,5
southern,5
spin,5
spiro,5
spot,5
staff,5
step,5
steps,5
steve,5
strange,5
stunning,5
suddenly,5
sue,5
super,5
terrible,5
third,5
thomas,5
throat,5
tillerson,5
toxic,5
trapped,5
troubles,5
uncertain,5
unusual,5
urge,5
victory,5
voter,5
waiting,5
warned,5
well,5
went,5
whistleblowers,5
wife,5
wing,5
word,5
working,5
works,5
absolute,4
accusations,4
activist,4
ads,4
advice,4
affair,4
afghanistan,4
africa,4
agenda,4
agent,4
agree,4
agreement,4
aid,4
anderson,4
anger,4
anniversary,4
anyway,4
apartment,4
arctic,4
argues,4
argument,4
army,4
arpaio,4
artists,4
atlantic,4
aug,4
australia,4
authoritarianism,4
award,4
baby,4
backfire,4
ball,4
ballot,4
bank,4
base,4
beach,4
began,4
begin,4
beginning,4
belarus,4
believed,4
billion,4
blocks,4
bodies,4
body,4
bogus,4
bottom,4
boy,4
brady,4
brand,4
breath,4
bright,4
buttigieg,4
buzzfeed,4
came,4
canada,4
carl,4
carolina,4
cartoonists,4
casting,4
caught,4
ceasefire,4
celebrate,4
celebrated,4
central,4
chairman,4
champion,4
channel,4
character,4
citing,4
clash,4
classified,4
clemency,4
cloud,4
colleagues,4
commit,4
common,4
compare,4
comparisons,4
complex,4
conference,4
convention,4
cooperation,4
corporate,4
corrupt,4
cortez,4
couldn,4
covering,4
covid,4
creamy,4
create,4
criticism,4
cuts,4
cyberattack,4
dad,4
daily,4
davis,4
dear,4
decade,4
declare,4
deepens,4
delivered,4
denial,4
devin,4
disinformation,4
display,4
district,4
divide,4
division,4
divisive,4
donbass,4
donors,4
drawing,4
draws,4
drew,4
dylan,4
easier,4
edward,4
effort,4
embrace,4
embraced,4
enforcement,4
escalate,4
establishment,4
events,4
expansion,4
expected,4
expects,4
exposed,4
familiar,4
feb,4
fed,4
field,4
focus,4
forecast,4
fought,4
foundation,4
frank,4
fresh,4
funny,4
gag,4
gallery,4
gives,4
giving,4
glory,4
gordon,4
gotten,4
gov,4
governing,4
governors,4
grow,4
guy,4
hack,4
haven,4
heads,4
helping,4
herbert,4
hicks,4
higher,4
highest,4
historical,4
hogan,4
holding,4
hopes,4
horrible,4
huge,4
hurt,4
icon,4
ig,4
ignored,4
ii,4
immunity,4
industry,4
information,4
inspectors,4
instagram,4
investigative,4
irs,4
jail,4
january,4
jeffrey,4
jill,4
jobs,4
joke,4
kaine,4
kamala,4
keefe,4
kevin,4
knew,4
knows,4
lady,4
later,4
lawless,4
legendary,4
lieutenant,4
lillian,4
limits,4
listening,4
literally,4
lobbyists,4
lofgren,4
longer,4
longest,4
longtime,4
looking,4
losers,4
loss,4
louis,4
lucky,4
lying,4
maddow,4
magazine,4
mainstream,4
managers,4
markets,4
mass,4
massive,4
materials,4
medals,4
meets,4
melania,4
members,4
mexico,4
midterm,4
mob,4
moon,4
mystery,4
myths,4
nato,4
nearly,4
nears,4
nixonian,4
noah,4
non,4
notable,4
number,4
obstructed,4
ocasio,4
olympic,4
ones,4
opens,4
options,4
orange,4
ouster,4
pages,4
palm,4
parallel,4
paranoia,4
patrick,4
perjury,4
pete,4
phone,4
pioneer,4
played,4
players,4
please,4
poland,4
politicization,4
pollster,4
pop,4
portrayal,4
position,4
posts,4
pot,4
pretty,4
professor,4
provide,4
queen,4
quick,4
quid,4
quintessential,4
quiz,4
quo,4
rachel,4
ran,4
rather,4
reach,4
reacted,4
rebellion,4
receive,4
recommend,4
recover,4
reelection,4
reform,4
refugee,4
refugees,4
refusing,4
region,4
rein,4
remains,4
removing,4
resigns,4
resist,4
restaurants,4
return,4
reveals,4
rivals,4
roberts,4
rock,4
room,4
rose,4
rough,4
royal,4
russians,4
sale,4
saved,4
scientists,4
secrecy,4
seeing,4
seeking,4
seized,4
sentencing,4
serving,4
shake,4
shape,4
signals,4
simon,4
slow,4
snl,4
space,4
speaks,4
spent,4
sports,4
spygate,4
steven,4
steyer,4
stolen,4
stopped,4
stormy,4
stream,4
strikes,4
stuff,4
such,4
sudden,4
survived,4
sweet,4
swing,4
taped,4
ted,4
television,4
testifies,4
tests,4
theater,4
thinking,4
thousands,4
tie,4
tim,4
toll,4
toobin,4
touch,4
tour,4
tries,4
trip,4
trudeau,4
trumpian,4
turning,4
uber,4
ups,4
uranium,4
usual,4
values,4
venezuela,4
viewers,4
violate,4
vision,4
weakness,4
weapons,4
weld,4
whitaker,4
wilkins,4
wine,4
wines,4
witch,4
worldwide,4
wouldn,4
writer,4
zoe,4
äì,4
äù,4
abroad,3
abuses,3
accord,3
ad,3
added,3
admits,3
admitted,3
affairs,3
afghan,3
airing,3
album,3
allen,3
amy,3
anna,3
anymore,3
apply,3
appointed,3
approves,3
arlington,3
artist,3
asserts,3
assessment,3
associates,3
attempt,3
authoritarian,3
avoid,3
awaits,3
awards,3
backfired,3
backs,3
bargain,3
based,3
basketball,3
battles,3
bay,3
beans,3
believes,3
beware,3
bind,3
bipartisan,3
birthday,3
bizarre,3
blasts,3
blockbuster,3
blood,3
bluff,3
boasts,3
bombshells,3
boost,3
border,3
boss,3
bound,3
boundaries,3
branch,3
branson,3
brennan,3
brent,3
bringing,3
broad,3
broken,3
buchanan,3
building,3
bullock,3
bureau,3
burglar,3
burning,3
cable,3
cancer,3
captures,3
cards,3
carlson,3
cash,3
castro,3
cause,3
census,3
chair,3
charged,3
charles,3
cheese,3
chilling,3
chinese,3
choosing,3
christine,3
church,3
circuit,3
cites,3
cities,3
climate,3
clue,3
coast,3
collection,3
collective,3
comeback,3
commencement,3
comment,3
comments,3
company,3
compel,3
complaint,3
complete,3
comply,3
conduct,3
confirms,3
conflicts,3
continue,3
controversies,3
convicted,3
conviction,3
conyers,3
cook,3
cooper,3
correspondents,3
counter,3
counts,3
county,3
couple,3
courage,3
course,3
covered,3
coverups,3
cream,3
created,3
creating,3
credible,3
criminality,3
cross,3
cry,3
cuban,3
culture,3
cummings,3
curb,3
cut,3
cyprus,3
dangers,3
data,3
debates,3
debt,3
debut,3
deceptions,3
defending,3
defenses,3
defiance,3
defined,3
defining,3
definitive,3
deny,3
deputy,3
desperate,3
destructive,3
determine,3
devastating,3
dialogue,3
died,3
dining,3
directly,3
directors,3
disastrous,3
dishonest,3
dismissal,3
dispute,3
disputes,3
distract,3
divisions,3
dnc,3
domestic,3
donations,3
doomed,3
doping,3
dorian,3
dossier,3
doubts,3
dropped,3
economic,3
effect,3
either,3
elijah,3
elite,3
ending,3
endure,3
energy,3
epic,3
episodes,3
estate,3
evangelical,3
eve,3
example,3
exceptionalism,3
exist,3
experience,3
explaining,3
fallen,3
falling,3
falsehoods,3
fate,3
fauci,3
fault,3
fear,3
feature,3
february,3
feels,3
feminist,3
fiction,3
fighting,3
filled,3
fine,3
firings,3
fitness,3
fitting,3
flight,3
flint,3
flip,3
flipping,3
flood,3
floor,3
foot,3
form,3
french,3
freshmen,3
fundraiser,3
furious,3
fury,3
gain,3
gains,3
gap,3
gas,3
gate,3
gen,3
gene,3
genius,3
gerald,3
gerrymandering,3
gingrich,3
girls,3
glenn,3
goal,3
godfather,3
golden,3
goodfellas,3
greater,3
gregory,3
groundwork,3
growing,3
grown,3
guard,3
guess,3
guns,3
guru,3
hall,3
hampshire,3
handled,3
hang,3
hanks,3
happening,3
harvard,3
harvey,3
hasn,3
hated,3
hbo,3
headed,3
heavy,3
held,3
hersh,3
hidden,3
highly,3
historians,3
holds,3
hong,3
hotels,3
human,3
hundreds,3
hunt,3
hunter,3
hush,3
ignore,3
ill,3
illegal,3
image,3
impeachments,3
impossible,3
incredible,3
indictments,3
infamous,3
influence,3
intent,3
investigator,3
invoking,3
island,3
israeli,3
issues,3
jacob,3
jake,3
jane,3
jaws,3
joins,3
jones,3
joseph,3
journey,3
judges,3
judgment,3
judy,3
kalmbach,3
katharine,3
kong,3
la,3
labor,3
lane,3
lashes,3
lawlessness,3
lay,3
lbj,3
leadership,3
league,3
legend,3
lemon,3
lesser,3
level,3
liberals,3
lifetime,3
links,3
lion,3
literary,3
london,3
loser,3
losses,3
loves,3
loyalists,3
luxury,3
management,3
mar,3
marie,3
market,3
marks,3
marriage,3
match,3
matthew,3
max,3
mccord,3
md,3
meat,3
memories,3
meryl,3
metoo,3
middle,3
minded,3
missile,3
mistake,3
mistakes,3
mitt,3
mocks,3
mugabe,3
murder,3
muzzle,3
names,3
navy,3
neither,3
newspapers,3
nice,3
nightmare,3
nominated,3
nominees,3
notes,3
novelist,3
november,3
nowhere,3
numbers,3
oath,3
obamacare,3
obscure,3
obstruct,3
october,3
odds,3
officially,3
olympics,3
opening,3
opera,3
opposed,3
oust,3
page,3
painter,3
parallels,3
patriotism,3
patty,3
pen,3
performance,3
perils,3
permanent,3
person,3
peter,3
phase,3
philadelphia,3
photo,3
picked,3
picks,3
pictures,3
piece,3
plain,3
plane,3
playbook,3
plays,3
plenty,3
pm,3
politically,3
politician,3
poses,3
potentially,3
prepare,3
prepares,3
presents,3
previously,3
prime,3
privacy,3
producer,3
promises,3
propaganda,3
protected,3
protection,3
protest,3
protesters,3
publish,3
punish,3
pushed,3
putting,3
quite,3
racist,3
radical,3
raiders,3
raised,3
ralph,3
rarely,3
rats,3
rebuke,3
recalling,3
recap,3
received,3
recipe,3
reckoning,3
reclaim,3
recommendation,3
reinecke,3
reject,3
releases,3
releasing,3
relevant,3
religion,3
renew,3
repeat,3
replace,3
reportedly,3
researchers,3
resignation,3
resigned,3
retire,3
revealed,3
roils,3
ros,3
ross,3
ruckelshaus,3
runner,3
rush,3
safer,3
saga,3
sarah,3
savory,3
scandalous,3
scaramucci,3
science,3
scott,3
script,3
scrutiny,3
seat,3
secretly,3
seems,3
selling,3
sells,3
send,3
september,3
seriously,3
setting,3
several,3
shame,3
shaped,3
shift,3
shock,3
shooting,3
shot,3
showed,3
sister,3
skewered,3
slams,3
slate,3
smell,3
smith,3
snap,3
social,3
society,3
solar,3
someone,3
sort,3
soul,3
sources,3
southeast,3
spectacle,3
speed,3
spirit,3
spotted,3
st,3
stake,3
stakes,3
stands,3
stanley,3
statement,3
stay,3
staying,3
stays,3
steep,3
stevens,3
stewart,3
stick,3
stops,3
stories,3
strategist,3
streep,3
study,3
substance,3
sues,3
surge,3
surprised,3
surprising,3
surveillance,3
susan,3
tactics,3
tales,3
talked,3
tangle,3
targets,3
telling,3
telluride,3
tensions,3
testifying,3
texas,3
thanksgiving,3
thinks,3
though,3
threaten,3
throne,3
throw,3
tied,3
tightening,3
timothy,3
tougher,3
track,3
trade,3
tradition,3
transcripts,3
transform,3
treason,3
treat,3
treatment,3
trevor,3
tucker,3
turkey,3
turmoil,3
tweets,3
understand,3
unless,3
unlike,3
updated,3
updates,3
upends,3
urges,3
using,3
veto,3
violated,3
violence,3
virus,3
waits,3
watches,3
wave,3
weak,3
weather,3
weingarten,3
whistle,3
williams,3
wolf,3
wonder,3
worked,3
wrap,3
writing,3
written,3
wrongdoing,3
younger,3
zuckerberg,3
ability,2
abound,2
absolutist,2
absurd,2
abused,2
accounts,2
accurate,2
ace,2
acknowledges,2
aclu,2
acquit,2
acquitted,2
actors,2
adds,2
advance,2
advantage,2
advised,2
advisers,2
advisor,2
aerospace,2
affect,2
agencies,2
agents,2
ailes,2
aircraft,2
alabama,2
alarm,2
alarming,2
albany,2
alex,2
alive,2
allow,2
altered,2
alternative,2
amnesty,2
anew,2
angry,2
ann,2
annotated,2
announce,2
announced,2
announcement,2
announces,2
anonymity,2
answering,2
antitrust,2
antonin,2
ap,2
appeal,2
appearance,2
appointees,2
appointments,2
approve,2
approved,2
argue,2
argued,2
arizona,2
ark,2
armed,2
arms,2
arrest,2
arrested,2
artwork,2
astana,2
astronaut,2
atty,2
auction,2
authentic,2
authorities,2
authorized,2
autocrat,2
avalanche,2
avenatti,2
avoided,2
awkward,2
backpacker,2
baghdadi,2
baker,2
baking,2
banana,2
band,2
banks,2
barrel,2
barry,2
baseless,2
batch,2
bathrobe,2
beat,2
beats,2
beauty,2
beer,2
beilenson,2
bench,2
benefit,2
berlinale,2
bet,2
betrayal,2
bezos,2
bharara,2
bible,2
bidens,2
billionaire,2
billionaires,2
bin,2
binding,2
bio,2
biography,2
birthed,2
bit,2
bitcoin,2
bites,2
blacklisted,2
blacks,2
blame,2
blames,2
blaming,2
blasey,2
blasio,2
blast,2
blaze,2
bln,2
bloomberg,2
blower,2
bobby,2
boeing,2
booker,2
boomers,2
boris,2
boston,2
bottles,2
bounds,2
bowl,2
boxer,2
brace,2
brain,2
brazen,2
brazil,2
brazilian,2
breach,2
brendan,2
bride,2
bridge,2
brief,2
briefings,2
brink,2
broadcast,2
broadway,2
bruce,2
bruni,2
buchwald,2
builds,2
bunch,2
burglars,2
burglary,2
buried,2
burn,2
burned,2
bushes,2
busy,2
butch,2
cab,2
cacheris,2
caddell,2
cakes,2
calm,2
canadian,2
capitalism,2
captured,2
cares,2
carried,2
carries,2
cartoon,2
cartoons,2
cas,2
cassidy,2
cast,2
cat,2
catch,2
cathedral,2
caucus,2
caucuses,2
cave,2
cavett,2
celebrates,2
celebrating,2
celebrity,2
centrist,2
ceremony,2
challenger,2
chappaquiddick,2
characters,2
chase,2
chastain,2
checks,2
cheers,2
chennault,2
chicago,2
chicken,2
choose,2
chuck,2
cinemax,2
cipollone,2
circle,2
citizen,2
citizens,2
citizenship,2
civic,2
civility,2
claiming,2
classic,2
clean,2
clint,2
clintons,2
clobbered,2
clock,2
closes,2
closings,2
coach,2
coalition,2
coastal,2
cohn,2
colin,2
collapsed,2
collins,2
columnist,2
combat,2
comedians,2
comfort,2
commander,2
commerce,2
communications,2
compared,2
compares,2
comprehensive,2
con,2
conceal,2
concert,2
conclusion,2
condemn,2
condition,2
condos,2
confidant,2
confidence,2
confirmed,2
confront,2
confused,2
conscience,2
consequential,2
conspiracies,2
constraints,2
contacts,2
content,2
contra,2
controversial,2
conventions,2
cope,2
corey,2
corn,2
corps,2
cory,2
counting,2
courageous,2
cover,2
coverup,2
cox,2
crack,2
craven,2
creates,2
credibility,2
credit,2
credits,2
crimes,2
cringe,2
critical,2
cronkite,2
crook,2
crucial,2
crusade,2
crystal,2
cult,2
current,2
cw,2
cycle,2
damaged,2
damaging,2
dana,2
dances,2
dare,2
darkness,2
darling,2
date,2
daughters,2
deadly,2
debunked,2
debunks,2
dec,2
december,2
decisive,2
decline,2
decried,2
decry,2
deeply,2
defeat,2
defended,2
delay,2
demanding,2
democracies,2
demonstrations,2
denials,2
denies,2
dent,2
depends,2
depicting,2
desert,2
destroy,2
details,2
development,2
difference,2
difficult,2
difficulty,2
dig,2
digital,2
direct,2
dirty,2
disappointed,2
discrimination,2
discusses,2
disdain,2
disease,2
dish,2
dismiss,2
dismisses,2
diverse,2
divides,2
dividing,2
doc,2
doctor,2
doctors,2
documentaries,2
dollar,2
dominated,2
downfall,2
downs,2
dozens,2
dr,2
draft,2
drag,2
dramas,2
drawn,2
dreamers,2
drift,2
driving,2
drops,2
drunk,2
dumb,2
dumbest,2
dwayne,2
earth,2
east,2
eggs,2
egil,2
ego,2
el,2
electoral,2
elfin,2
ellroy,2
elvis,2
emboldened,2
emmanuel,2
empire,2
emptively,2
empty,2
enabler,2
encore,2
encounters,2
endless,2
enforce,2
engage,2
england,2
english,2
enters,2
epa,2
equal,2
erases,2
escalates,2
ethical,2
european,2
everywhere,2
excerpt,2
exchange,2
excuses,2
existing,2
exonerated,2
exoneration,2
explain,2
explosive,2
exports,2
expose,2
expresses,2
extremely,2
eye,2
eyes,2
failing,2
fails,2
falls,2
famed,2
fan,2
farewell,2
fast,2
fastest,2
fathers,2
favorites,2
fearless,2
fec,2
feedback,2
fell,2
felled,2
female,2
fewer,2
fictional,2
fifth,2
fifty,2
fights,2
figures,2
filed,2
filings,2
filming,2
findings,2
fiona,2
fish,2
fits,2
fixer,2
fixing,2
flake,2
fly,2
follows,2
fools,2
football,2
forced,2
forcing,2
forever,2
formal,2
formula,2
forward,2
foster,2
foul,2
founder,2
founding,2
framed,2
framers,2
francis,2
frederick,2
frenzy,2
freshman,2
friendly,2
friendship,2
friendships,2
frightening,2
frustrated,2
fuels,2
fun,2
fundamental,2
funded,2
funds,2
funeral,2
fuse,2
gambit,2
gandhi,2
garden,2
gardens,2
garry,2
generational,2
generations,2
georgian,2
gift,2
gillespie,2
gillian,2
girl,2
given,2
gm,2
gold,2
grab,2
grail,2
grammy,2
grapples,2
grassley,2
gravity,2
graydon,2
greek,2
grenade,2
grip,2
grossman,2
group,2
groups,2
grows,2
growth,2
gubernatorial,2
gulf,2
guthrie,2
habits,2
haiti,2
haley,2
halloween,2
handles,2
hands,2
hardly,2
hardware,2
harrowing,2
hates,2
haul,2
having,2
headline,2
healthy,2
hearst,2
heiress,2
heloise,2
helsinki,2
herblock,2
herd,2
heroes,2
hey,2
hide,2
highlight,2
hilarious,2
hinge,2
hired,2
hires,2
hirscher,2
historian,2
hits,2
hoffman,2
hole,2
holiday,2
holidays,2
hollow,2
holy,2
honesty,2
horror,2
host,2
hostile,2
hosts,2
hotlist,2
hulu,2
humiliated,2
husband,2
hybrid,2
hyde,2
ideal,2
identity,2
ignoring,2
illustrator,2
images,2
imagine,2
imminent,2
immune,2
impact,2
imperial,2
importance,2
inaugural,2
inauguration,2
include,2
incoming,2
incompetent,2
indian,2
indiana,2
indonesia,2
inept,2
injustice,2
inner,2
insider,2
insults,2
interest,2
internal,2
international,2
internet,2
intervene,2
interviews,2
introducing,2
investment,2
involved,2
involving,2
irishman,2
islands,2
jack,2
jacket,2
jailed,2
jailing,2
jammeh,2
japan,2
japanese,2
jared,2
jason,2
jazz,2
jean,2
jeopardy,2
jerome,2
jessica,2
jews,2
joint,2
jon,2
jonathan,2
journal,2
julian,2
junta,2
justin,2
kaepernick,2
kane,2
kansas,2
kardashian,2
kent,2
kept,2
khashoggi,2
kick,2
kill,2
kim,2
kingbird,2
kirk,2
kitchen,2
kitesurfing,2
klobuchar,2
knocking,2
koreans,2
krogh,2
kurt,2
kushner,2
label,2
lack,2
laden,2
ladies,2
laid,2
laird,2
lamar,2
lambs,2
largest,2
larry,2
lasting,2
launches,2
lavrov,2
lazy,2
leaked,2
leary,2
lecture,2
lee,2
leftward,2
legislative,2
legitimacy,2
lens,2
lenzner,2
leonard,2
lewis,2
libya,2
lieberman,2
lied,2
limit,2
lines,2
linger,2
linked,2
lists,2
litigator,2
lived,2
lively,2
living,2
lloyd,2
logic,2
lois,2
lone,2
looked,2
looming,2
looms,2
loses,2
loyal,2
luck,2
luedtke,2
lurch,2
macron,2
mafia,2
makeup,2
maps,2
marathon,2
marcel,2
marilyn,2
mars,2
marsh,2
marty,2
mary,2
mattis,2
mayor,2
mcbride,2
mccabe,2
meddling,2
medical,2
mel,2
melissa,2
melvin,2
meme,2
memoir,2
memoirs,2
memory,2
memos,2
mental,2
mentioned,2
messaging,2
met,2
mexican,2
michigan,2
mickey,2
migrant,2
miller,2
mindhunter,2
minimize,2
misdeeds,2
misleads,2
misunderstood,2
mitchell,2
model,2
moise,2
mold,2
monarchy,2
montgomery,2
moral,2
morality,2
mostly,2
mountains,2
moved,2
mrs,2
mulvaney,2
munich,2
murphy,2
music,2
myself,2
mysteries,2
mysterious,2
myth,2
nabobs,2
nail,2
named,2
naming,2
narrative,2
narrow,2
native,2
nattering,2
ncaa,2
near,2
needed,2
neighborhood,2
neoconservative,2
networks,2
nevada,2
newly,2
newspaper,2
newspaperman,2
newsroom,2
newt,2
nick,2
nickname,2
nikki,2
noble,2
noir,2
none,2
nope,2
norm,2
norman,2
norms,2
norton,2
note,2
noteworthy,2
novels,2
obsession,2
offered,2
officer,2
oh,2
ongoing,2
optimism,2
ordered,2
ordering,2
orleans,2
oswald,2
otto,2
ourselves,2
outbreak,2
outburst,2
outdoor,2
outlander,2
outlandish,2
outsiders,2
overhaul,2
overreach,2
packed,2
pacs,2
paid,2
pain,2
palmyra,2
panama,2
papadopoulos,2
paranoid,2
pardoning,2
parents,2
partisans,2
partners,2
pass,2
passes,2
passing,2
pastor,2
patients,2
pattern,2
paved,2
perry,2
personnel,2
phones,2
photojournalist,2
pinocchios,2
pinot,2
pipe,2
pitch,2
pittsburgh,2
places,2
plato,2
playing,2
plead,2
poetry,2
pol,2
polarization,2
pole,2
policies,2
politicize,2
polling,2
pols,2
poor,2
pope,2
popular,2
porn,2
portrait,2
portrays,2
potatoes,2
potent,2
potus,2
pow,2
powell,2
powerhouse,2
practice,2
praises,2
prankster,2
precedents,2
preet,2
preliminary,2
premiere,2
princess,2
principles,2
priority,2
prisons,2
probes,2
profile,2
profit,2
program,2
progress,2
progressives,2
promised,2
prompts,2
proposal,2
proposed,2
prosecuted,2
prosecution,2
provides,2
provocateur,2
pruitt,2
publicly,2
publisher,2
puerto,2
pull,2
pulled,2
pundits,2
pursue,2
puzder,2
quest,2
quietly,2
quotation,2
quotes,2
raid,2
raided,2
rails,2
railsback,2
raising,2
ranking,2
rape,2
rare,2
raymond,2
rbg,2
reaching,2
reacting,2
reacts,2
reboot,2
rebuttal,2
recalls,2
receipts,2
receives,2
recep,2
reckless,2
recording,2
recordings,2
recounts,2
recovered,2
recusal,2
recuse,2
redacted,2
redactions,2
redford,2
rediscovering,2
reef,2
referendum,2
reign,2
reinstatement,2
reinventing,2
related,2
relief,2
religious,2
remaking,2
remarks,2
removed,2
removes,2
ren,2
renewed,2
representatives,2
reputation,2
require,2
requiring,2
research,2
reserve,2
resignations,2
resisted,2
resists,2
resolutions,2
respond,2
rest,2
resume,2
rethink,2
retirement,2
revelation,2
revenge,2
reviewing,2
reviews,2
revives,2
revolution,2
rfk,2
rice,2
richest,2
rick,2
rico,2
rid,2
riots,2
roasted,2
robust,2
rocky,2
rod,2
roles,2
rolling,2
romance,2
romanian,2
rooftop,2
rooney,2
roosevelt,2
rooting,2
roth,2
round,2
roundup,2
rushing,2
russell,2
russiagate,2
sabotage,2
sad,2
safety,2
sakhalin,2
salad,2
salmon,2
salt,2
sam,2
sane,2
sarbanes,2
saudi,2
saving,2
savvy,2
scathing,2
schedule,2
scholar,2
scoop,2
scowcroft,2
scramble,2
screenwriter,2
sea,2
seafood,2
searing,2
sears,2
seem,2
sentence,2
sentenced,2
sequel,2
serial,2
served,2
serves,2
settlement,2
sexism,2
sexting,2
sexual,2
shadows,2
shaking,2
shaming,2
shaping,2
shared,2
sharply,2
sheet,2
shepard,2
shield,2
shining,2
ship,2
shirley,2
shoes,2
shook,2
shore,2
shots,2
showcase,2
showcased,2
showcases,2
showing,2
shy,2
siege,2
sight,2
sights,2
silent,2
silver,2
similar,2
sin,2
single,2
sink,2
sinking,2
situation,2
skeptic,2
skeptical,2
skepticism,2
skiers,2
slew,2
sloane,2
slowly,2
slump,2
snowden,2
socal,2
solution,2
sometimes,2
songs,2
sordid,2
sorry,2
sought,2
soulful,2
sour,2
spacey,2
spaghetti,2
speechwriter,2
spending,2
spies,2
spoofing,2
sporkin,2
spotlights,2
spread,2
spree,2
spring,2
staffer,2
stalled,2
stance,2
standards,2
standoff,2
stanton,2
starting,2
starts,2
statements,2
stayed,2
stealth,2
stellar,2
stimulus,2
sting,2
stir,2
streets,2
strike,2
struggles,2
studio,2
stuffed,2
stunt,2
subpoenaed,2
suffers,2
suicide,2
suit,2
summary,2
superhero,2
supermarket,2
supplies,2
surprise,2
surprisingly,2
surviving,2
suspect,2
sweeping,2
sworn,2
sylvia,2
table,2
tackle,2
taken,2
tampering,2
tank,2
tape,2
tapped,2
tapper,2
tapping,2
taps,2
targeted,2
task,2
taste,2
tasted,2
taught,2
taylor,2
tayyip,2
tea,2
tech,2
teddy,2
teeing,2
teen,2
televised,2
temporary,2
tennessee,2
terrorist,2
terry,2
thai,2
theft,2
themed,2
theorist,2
theorists,2
therapy,2
threatening,2
threatens,2
thrillers,2
thrive,2
tight,2
timeline,2
tin,2
tiny,2
tireless,2
tj,2
together,2
tonight,2
torn,2
toss,2
traces,2
treasury,2
trials,2
tribune,2
tribute,2
tricky,2
trouble,2
troubled,2
truck,2
truly,2
trumpcare,2
trumpers,2
trusted,2
truths,2
tuck,2
tumult,2
tumultuous,2
tune,2
turbulent,2
twin,2
ugly,2
ukrainian,2
unconstitutional,2
undecided,2
undercut,2
underdog,2
undermine,2
underscore,2
underscores,2
unexpected,2
unfolding,2
unforgettable,2
unhappy,2
uninformed,2
unite,2
unity,2
universiade,2
unleash,2
unparalleled,2
unpopular,2
unpredictable,2
unraveling,2
untrue,2
upend,2
upset,2
upside,2
urged,2
urgent,2
usually,2
utah,2
utopia,2
va,2
valadao,2
van,2
vanishing,2
vanity,2
vault,2
vegetable,2
verdict,2
versus,2
veterans,2
vice,2
victories,2
villa,2
viral,2
virtual,2
visa,2
vivid,2
voices,2
von,2
voted,2
vulnerable,2
waivers,2
wake,2
walls,2
warmbier,2
warnings,2
warranted,2
warrior,2
waste,2
watched,2
waters,2
weakened,2
weapon,2
weary,2
website,2
wedding,2
weigh,2
weiner,2
werewolf,2
wetlands,2
whatever,2
whiskey,2
whisperer,2
whistleblower,2
whole,2
whoppers,2
wide,2
widening,2
widespread,2
wikileaks,2
willow,2
wind,2
winner,2
winners,2
wisdom,2
wish,2
wolff,2
wolves,2
wonderful,2
woodruff,2
woods,2
workers,2
worried,2
worthy,2
writers,2
wrote,2
yahya,2
yesterday,2
yours,2
yourself,2
youth,2
yovanovitch,2
zirinsky,2
zone,2
zoo,2
aaron,1
abandon,1
abandons,1
abc,1
abcarian,1
abedin,1
abel,1
abhors,1
abject,1
abramson,1
abridged,1
abruptly,1
absence,1
absent,1
absolutely,1
absolution,1
abu,1
abuzz,1
abzug,1
academic,1
academics,1
academy,1
accelerator,1
accents,1
accept,1
accidental,1
accidentally,1
accidents,1
accomplice,1
accomplish,1
accomplished,1
according,1
accords,1
accosting,1
accountability,1
accountants,1
accounting,1
accusation,1
accuser,1
accusing,1
achieve,1
achievement,1
acosta,1
acquittals,1
acted,1
active,1
activism,1
activities,1
actor,1
adapting,1
add,1
addiction,1
additional,1
addressed,1
adjourns,1
adjust,1
adler,1
admission,1
admissions,1
admit,1
admitting,1
ado,1
adoptions,1
adopts,1
adorable,1
adore,1
advanced,1
adventure,1
adventurer,1
adventures,1
adversary,1
advertisement,1
advisories,1
advocates,1
aei,1
affecting,1
affiliated,1
affirmative,1
affordable,1
afloat,1
aftermath,1
ag,1
ages,1
aggressive,1
aging,1
agony,1
agreed,1
agriculture,1
agua,1
ahmed,1
ai,1
aided,1
ailing,1
aiming,1
aims,1
airplane,1
airstrikes,1
alastair,1
albee,1
alberto,1
alexandria,1
alien,1
aliens,1
aliexpress,1
allegiance,1
alleging,1
alliances,1
alligator,1
alligators,1
allowed,1
allowing,1
allows,1
allure,1
almaty,1
alright,1
alum,1
amanda,1
amash,1
amazingly,1
ambitions,1
ambos,1
americanese,1
ammunition,1
amount,1
amphetamines,1
analyzing,1
anatomy,1
anchored,1
anchors,1
andr,1
andre,1
andreas,1
andrzej,1
anemones,1
angel,1
angering,1
angriest,1
angsty,1
animals,1
anita,1
ankle,1
anne,1
annenberg,1
annex,1
annie,1
annoys,1
annual,1
anonymously,1
answered,1
antelope,1
anthem,1
antibiotics,1
anticipated,1
anticorruption,1
antifa,1
antipolitics,1
antiwar,1
anxieties,1
anxiety,1
anytime,1
apartheid,1
apartments,1
apocalyptic,1
apolitical,1
apollo,1
apologies,1
apologists,1
apologizes,1
apologizing,1
apostasies,1
appalled,1
apparent,1
apparently,1
appearances,1
appeasing,1
apple,1
appoint,1
appointment,1
appreciated,1
appreciation,1
approaching,1
approval,1
arabia,1
arabic,1
arabistan,1
arcade,1
archer,1
architect,1
archive,1
archivist,1
archivists,1
ardor,1
arendt,1
argentine,1
ariana,1
armageddon,1
armata,1
armenia,1
armyworm,1
arnold,1
aromatic,1
arrests,1
arthur,1
article,1
artifacts,1
artificial,1
ashbery,1
asher,1
aspiring,1
assad,1
assailed,1
assange,1
assassinations,1
assaults,1
assert,1
asserting,1
assertion,1
asset,1
assets,1
assumption,1
assure,1
assured,1
asterisk,1
astros,1
asylum,1
atrocious,1
attached,1
attacked,1
attacking,1
attempts,1
attended,1
attention,1
attractions,1
atvs,1
audiences,1
audiobooks,1
august,1
australian,1
auteur,1
authoritarians,1
authors,1
availability,1
available,1
avalanches,1
avatar,1
avenue,1
averts,1
avildsen,1
avoiding,1
awarding,1
awareness,1
awash,1
awe,1
axelrod,1
ayliffe,1
babe,1
backdrop,1
backfiring,1
background,1
backlash,1
backroom,1
bacterial,1
badly,1
baffled,1
baguettes,1
bahamas,1
bailey,1
bailout,1
bakr,1
baku,1
balance,1
balancing,1
baldwin,1
balk,1
balks,1
ballet,1
balloon,1
ballooning,1
ballots,1
balls,1
baloney,1
baltic,1
balz,1
bandit,1
bane,1
bangs,1
banking,1
bankruptcy,1
banned,1
bao,1
barbs,1
bard,1
bare,1
barely,1
barkley,1
barred,1
barrett,1
barrier,1
barriers,1
barring,1
bars,1
baseball,1
basic,1
basis,1
bath,1
bathroom,1
bats,1
battalion,1
battered,1
batteries,1
batting,1
battled,1
battleground,1
battling,1
baum,1
bayernlb,1
bayh,1
beall,1
beast,1
beaumont,1
beautiful,1
beavers,1
bebop,1
beefed,1
beekman,1
beginnings,1
begs,1
behalf,1
behaving,1
behavioral,1
behold,1
beijing,1
beirut,1
belated,1
belittle,1
bella,1
beloved,1
below,1
belt,1
beltway,1
beneath,1
benedict,1
benefits,1
benghazi,1
benjamin,1
bennet,1
bennett,1
beno,1
benson,1
bentzen,1
bercow,1
berkeley,1
berry,1
beschloss,1
bethesda,1
beto,1
bets,1
bette,1
betting,1
beyonc,1
beyonce,1
bffs,1
bgt,1
bias,1
biblical,1
bides,1
bids,1
bight,1
bigly,1
billboard,1
billions,1
bills,1
bins,1
biographer,1
bionic,1
bipartisanship,1
bir,1
birch,1
bird,1
birds,1
birth,1
birthright,1
birx,1
bison,1
bite,1
biting,1
bitten,1
blackmailed,1
blade,1
blazed,1
blazing,1
blend,1
blitz,1
blocking,1
blogger,1
bloom,1
bloomingdale,1
blossoms,1
blowing,1
blowout,1
blt,1
bludgeoned,1
blunder,1
blunt,1
blurred,1
board,1
boardroom,1
boatload,1
bode,1
bodybuilders,1
bohemian,1
boil,1
bold,1
bolsonaro,1
bolster,1
bolsters,1
bombardments,1
bombs,1
bone,1
bonfire,1
bonkers,1
bonn,1
bonnie,1
booed,1
booing,1
boomer,1
boomerangs,1
booming,1
boos,1
boosts,1
bordeaux,1
borlotti,1
borrowed,1
borrowing,1
borrows,1
bosch,1
bosses,1
bounty,1
bourbon,1
bourne,1
bowden,1
bowing,1
bowling,1
box,1
boxing,1
boyd,1
boys,1
bp,1
bracelets,1
brademas,1
brags,1
brains,1
brash,1
bravery,1
brawl,1
brea,1
breached,1
bread,1
breakdown,1
breakfast,1
breaks,1
breakthrough,1
breakthroughs,1
breast,1
breezy,1
breitbart,1
breonna,1
breslin,1
brewers,1
brewing,1
brian,1
brides,1
bridgegate,1
brinkley,1
broaddrick,1
broader,1
brothers,1
brutal,1
bruyere,1
bryant,1
bucatini,1
bucket,1
buckles,1
buffalo,1
buffoons,1
bug,1
buick,1
buildings,1
bull,1
bulldog,1
bullet,1
bullhorns,1
bullies,1
bundchen,1
bundesliga,1
bundle,1
bunny,1
burden,1
bureaucracy,1
bureaucrats,1
burger,1
burgers,1
burgess,1
burlesque,1
burnett,1
burt,1
buryatia,1
bus,1
businesses,1
businessman,1
bust,1
busting,1
butter,1
buttery,1
button,1
buying,1
buys,1
buzzes,1
byrne,1
byrneôøω,1
calculus,1
californian,1
californians,1
callous,1
camelot,1
cameras,1
cameron,1
camp,1
campaigner,1
campaigners,1
campaigning,1
campaigns,1
campbell,1
campono,1
campus,1
canadians,1
candor,1
cannes,1
cannibals,1
canvas,1
capital,1
capitalizing,1
caps,1
capture,1
capturing,1
carb,1
carbon,1
cardinal,1
cardoz,1
careerism,1
carefree,1
caricature,1
caricatured,1
carlin,1
carmelita,1
carol,1
carpenters,1
carrier,1
carry,1
cars,1
carson,1
carterization,1
cartooning,1
cartoonist,1
cascade,1
cass,1
castile,1
castle,1
casts,1
casual,1
casualty,1
cataloguing,1
catastrophic,1
catchphrase,1
catchy,1
catering,1
catharsis,1
catholic,1
cats,1
caused,1
causes,1
causing,1
cautious,1
cauvin,1
cbc,1
cease,1
ceiling,1
celebrations,1
cellphone,1
cemal,1
cemetery,1
censoring,1
censure,1
centrists,1
centuries,1
certain,1
cesspool,1
cevaplamasƒ,1
chad,1
chaffetz,1
chairs,1
challenging,1
chamber,1
champions,1
championship,1
chancellor,1
chang,1
channels,1
chanson,1
chaotic,1
chapo,1
chapter,1
charlie,1
charm,1
charmer,1
charming,1
charts,1
chat,1
chats,1
chatter,1
cheated,1
checker,1
cheering,1
cheesy,1
cheeto,1
chemical,1
cheney,1
cheo,1
chernobyl,1
cherry,1
chesapeake,1
chess,1
chewy,1
chiang,1
chicagoland,1
chick,1
chickens,1
childress,1
chilean,1
chill,1
chills,1
chinatown,1
chirac,1
chocolate,1
chocolaty,1
choices,1
chooses,1
choreographer,1
chose,1
chosen,1
christie,1
christopher,1
chronicler,1
chummy,1
chung,1
churches,1
churchill,1
churn,1
cigarettes,1
cinched,1
cinema,1
cinematic,1
cipriani,1
circles,1
circuits,1
circus,1
citations,1
cited,1
civics,1
civilians,1
civilized,1
claimed,1
clambake,1
clampdown,1
clan,1
clancy,1
clarifies,1
clarify,1
clarke,1
clashed,1
clashes,1
classes,1
classmates,1
classy,1
claudio,1
clay,1
cleaners,1
cleaning,1
cleanings,1
cleanup,1
clearances,1
clearing,1
clears,1
clergywomen,1
client,1
climbing,1
clockwork,1
closed,1
closely,1
closer,1
closest,1
closing,1
closure,1
clothes,1
clouds,1
clownish,1
clues,1
clutter,1
clyde,1
clymer,1
coachella,1
coarsening,1
coates,1
coca,1
cocaine,1
coda,1
code,1
coded,1
codes,1
coffee,1
coffers,1
coincidence,1
coined,1
cola,1
cole,1
coleman,1
colicchio,1
collage,1
collapse,1
collar,1
colleague,1
collecting,1
colleges,1
collides,1
collision,1
colluded,1
color,1
colorful,1
columnists,1
combative,1
comedian,1
comedy,1
comforters,1
comity,1
comma,1
command,1
commissioned,1
commissioner,1
commissions,1
commitment,1
commitments,1
committed,1
communism,1
communist,1
commutations,1
commutes,1
commuting,1
como,1
companies,1
companion,1
comparison,1
compelling,1
compete,1
competition,1
competitive,1
complaints,1
completely,1
compliance,1
complicates,1
complicit,1
composer,1
compromised,1
computerized,1
concede,1
concept,1
concepts,1
conceptual,1
concern,1
conclude,1
concussion,1
condemning,1
condoleezza,1
condolences,1
conductor,1
coney,1
confection,1
confident,1
confidential,1
confrontation,1
confrontational,1
confrontations,1
confronted,1
confronting,1
confronts,1
congresswoman,1
connection,1
conners,1
connie,1
connoisseur,1
conservation,1
conservatism,1
consolidate,1
consolidates,1
conspirator,1
constant,1
constitute,1
constitutionality,1
constitutions,1
constraint,1
constructive,1
consultant,1
consultation,1
consumer,1
consummate,1
contained,1
container,1
contaminating,1
contemptuous,1
contend,1
contenders,1
contentious,1
contexts,1
contraband,1
contraceptive,1
contract,1
contradict,1
contradictions,1
contrasts,1
contributed,1
controlled,1
controllers,1
conventional,1
convey,1
convict,1
convicting,1
convinced,1
convulsed,1
cooking,1
cooperated,1
coordinated,1
corals,1
corker,1
corner,1
corporation,1
corporatism,1
correspondent,1
corrupting,1
corrupts,1
cosby,1
costa,1
costly,1
cotta,1
couch,1
council,1
counseled,1
counsels,1
counted,1
counterculture,1
countered,1
counterpart,1
counties,1
countries,1
countrymen,1
courtesy,1
courthouse,1
courtroom,1
cowardice,1
cowell,1
cowering,1
cozy,1
crabs,1
crackpot,1
cracks,1
cradle,1
craft,1
craig,1
crash,1
crashed,1
crave,1
craving,1
crazed,1
crazytown,1
creation,1
creativity,1
creator,1
credence,1
credentials,1
credulous,1
crews,1
cried,1
criminals,1
crippled,1
criticize,1
criticized,1
criticizing,1
cromartie,1
crooks,1
crops,1
crosses,1
crossfire,1
crowd,1
crowded,1
crowdstrike,1
crowe,1
crowley,1
crown,1
cruelest,1
cruelty,1
crumbling,1
crumbs,1
crunchy,1
crusading,1
crushing,1
crystals,1
cuba,1
cubs,1
cuisine,1
culmination,1
cumberbatch,1
cups,1
curator,1
curbed,1
curious,1
curse,1
cursing,1
curtain,1
cusack,1
cushion,1
customers,1
customs,1
cutouts,1
cutting,1
cyberattacks,1
cyberpower,1
cybersecurity,1
cyberwar,1
cynicism,1
cypriot,1
daca,1
daimler,1
dakota,1
dalai,1
dale,1
damages,1
damn,1
damning,1
damon,1
dance,1
dancing,1
dangerously,1
daniel,1
danny,1
daredevil,1
daring,1
darker,1
darrell,1
dating,1
dawn,1
dazzling,1
deadlines,1
dealer,1
deals,1
debacle,1
debated,1
debbie,1
debts,1
debunkers,1
decadence,1
decay,1
deception,1
decided,1
decidedly,1
decider,1
decides,1
decisions,1
declaraciones,1
declaration,1
declarations,1
declared,1
declares,1
declined,1
declines,1
decries,1
decriminalizing,1
deeds,1
deepen,1
deepening,1
deeper,1
defamation,1
defeated,1
defeats,1
defecting,1
defectors,1
defender,1
defenders,1
deferential,1
defiant,1
deficit,1
deficits,1
defied,1
defies,1
defines,1
definition,1
deflects,1
deft,1
defunding,1
defuse,1
defy,1
defying,1
delaying,1
delbert,1
delegation,1
delia,1
delicious,1
delight,1
delights,1
delivery,1
dellums,1
delta,1
delusion,1
demarlon,1
dematha,1
demetracopoulos,1
demme,1
demon,1
demonetization,1
demonization,1
dennis,1
denounce,1
departure,1
dependence,1
depict,1
deploying,1
deposit,1
deposition,1
depraved,1
deprecation,1
depressing,1
depth,1
deputies,1
der,1
derail,1
derailed,1
derek,1
dereliction,1
derelictions,1
derring,1
describe,1
describes,1
desegregate,1
deserved,1
designed,1
desk,1
despair,1
despairing,1
despises,1
despot,1
dessert,1
destroying,1
detail,1
detained,1
detectors,1
deter,1
determined,1
detestable,1
detour,1
detox,1
detroit,1
detrumpify,1
deus,1
develop,1
deviled,1
devolves,1
dhs,1
di,1
diamond,1
diary,1
dice,1
dictate,1
dictators,1
die,1
differently,1
digiday,1
digs,1
dilemma,1
din,1
dinners,1
diplomacy,1
diplomatic,1
dire,1
directed,1
direction,1
directions,1
disagree,1
disagreements,1
disarray,1
disaster,1
disasters,1
disbar,1
discarded,1
discarding,1
discipline,1
disclose,1
disco,1
discover,1
discovered,1
discovers,1
discredited,1
discussed,1
discussing,1
discussion,1
discussions,1
disengagement,1
disgrace,1
disgust,1
disgusted,1
dishonesty,1
dismayed,1
disney,1
disparate,1
disproving,1
disputed,1
disregard,1
disrupt,1
disrupter,1
disruption,1
dissed,1
dissent,1
distance,1
distracting,1
distraction,1
distractions,1
disturbing,1
ditched,1
ditching,1
diversified,1
diversity,1
dividends,1
divine,1
divorce,1
diwali,1
diy,1
dna,1
dni,1
doar,1
doctored,1
document,1
documented,1
dodged,1
dodgers,1
dodges,1
dogged,1
dogs,1
dole,1
dollars,1
donaldson,1
donnell,1
donor,1
doolittle,1
doom,1
doomsayers,1
doonesbury,1
door,1
doors,1
doorstep,1
doren,1
doris,1
dormant,1
dotrice,1
doubles,1
doubling,1
douglas,1
douthat,1
dowd,1
downie,1
downplay,1
downplaying,1
downtown,1
dozen,1
dragging,1
drained,1
draining,1
dramatic,1
dramatically,1
drape,1
drapes,1
draw,1
dreaded,1
dreams,1
dreamy,1
dresden,1
dressed,1
dried,1
drilling,1
drills,1
drivers,1
drown,1
drowned,1
drowning,1
drs,1
drugs,1
dubious,1
dubiously,1
ducking,1
ducks,1
dud,1
due,1
dueling,1
dug,1
dull,1
dummies,1
dump,1
dumping,1
dumps,1
duncan,1
duncanville,1
dust,1
dustin,1
dw,1
dwindle,1
dwindling,1
dysfunction,1
dystopia,1
eaeu,1
eagle,1
eagles,1
eagleton,1
ears,1
earthquake,1
earthworm,1
ease,1
eastern,1
eastward,1
eastwood,1
eavesdropped,1
echo,1
echos,1
echte,1
eclipse,1
economics,1
ecstasy,1
eddie,1
edge,1
edited,1
edith,1
editing,1
edition,1
editorials,1
educated,1
effective,1
effects,1
efficient,1
effigy,1
egos,1
egregious,1
egypt,1
egyptian,1
ehrlichman,1
ehrman,1
eighteen,1
eisen,1
eisenhower,1
elated,1
elect,1
electability,1
elected,1
electricity,1
electronic,1
elegantly,1
element,1
elephants,1
elevate,1
elevated,1
eleven,1
elias,1
eliminates,1
elites,1
ella,1
emailgate,1
emanuel,1
embarrassing,1
embarrassment,1
embassy,1
embattled,1
embraces,1
embracing,1
embroiled,1
emerge,1
emerson,1
emile,1
eminence,1
empathy,1
emphasis,1
emphasizes,1
employees,1
employing,1
empower,1
empresario,1
enable,1
enabled,1
enablers,1
enchanted,1
encouraged,1
encouragement,1
encyclopedic,1
endanger,1
endearment,1
ended,1
endgame,1
endgames,1
endorse,1
endorsement,1
endorsements,1
enduring,1
energizing,1
enforcer,1
enforces,1
engagement,1
engages,1
engineering,1
enhance,1
enjoying,1
enquirer,1
enraged,1
enrico,1
ensnare,1
ensnared,1
ensure,1
entangles,1
entered,1
entertainment,1
entire,1
entirety,1
entitled,1
entreaties,1
entrenched,1
environment,1
environmental,1
environmentalist,1
envy,1
eonstor,1
ep,1
epicenter,1
epidemics,1
episode,1
epitomize,1
epitomized,1
epstein,1
equals,1
equifax,1
equipment,1
equipped,1
erase,1
erasing,1
erdogan,1
erdoƒüan,1
erin,1
erotic,1
eroticism,1
errand,1
erratic,1
error,1
escalation,1
escapades,1
escape,1
escaping,1
escort,1
especially,1
essay,1
essays,1
est,1
estafador,1
estimates,1
estonia,1
estonian,1
etiquette,1
eugenics,1
eulogy,1
eurasian,1
europe,1
evacuate,1
evacuating,1
evaded,1
evan,1
evangelist,1
evanti,1
evasions,1
evelyn,1
event,1
eventually,1
everybody,1
evil,1
evils,1
evokes,1
evolution,1
exact,1
exam,1
examination,1
examine,1
examines,1
exceeds,1
except,1
exception,1
exceptions,1
excerpts,1
exciting,1
exclude,1
exclusive,1
excoriate,1
excuse,1
execute,1
executed,1
executions,1
exemplifies,1
exercise,1
exhausting,1
exhibited,1
exists,1
exit,1
exonerate,1
expansive,1
expecting,1
expensive,1
experienced,1
experiences,1
experiencing,1
explainer,1
explanation,1
explored,1
explores,1
exploring,1
exported,1
expos,1
exposure,1
express,1
extended,1
extensive,1
extensively,1
extent,1
extra,1
extradite,1
extradited,1
extraordinaire,1
extraordinary,1
extravagant,1
extravaganza,1
extreme,1
extremists,1
exults,1
eyewitness,1
eyez,1
fabric,1
fabrication,1
facher,1
facilities,1
factor,1
failures,1
fairly,1
fairness,1
fallout,1
families,1
fancy,1
fantastical,1
fara,1
farce,1
farm,1
farming,1
farrakhan,1
farthest,1
fascism,1
fashion,1
faster,1
fateful,1
fathom,1
favor,1
favors,1
fawning,1
fda,1
fdr,1
feared,1
fearful,1
fearing,1
fearmongering,1
feasible,1
feast,1
feathers,1
features,1
feckless,1
fedex,1
feed,1
feelings,1
feet,1
fellow,1
felon,1
felonies,1
femininity,1
fended,1
fennel,1
ferguson,1
fermentation,1
festivals,1
fetched,1
feted,1
fetish,1
fettuccine,1
fiancee,1
ficker,1
fictions,1
fidel,1
fidget,1
fields,1
fifa,1
figured,1
fills,1
filmmaking,1
filter,1
filtration,1
finale,1
finalist,1
financed,1
finances,1
financier,1
financing,1
fines,1
fingerprinted,1
finish,1
firefighters,1
fireworks,1
firms,1
fisa,1
fiscal,1
fishing,1
fit,1
flag,1
flags,1
flair,1
flame,1
flashback,1
flashed,1
flashpoint,1
flat,1
flaunt,1
flavor,1
flavors,1
flawed,1
fled,1
fledgling,1
flee,1
fleet,1
flexes,1
flips,1
flirtation,1
float,1
floats,1
flooding,1
flop,1
flour,1
flow,1
floyd,1
flu,1
flug,1
flyer,1
flynngate,1
focuses,1
focusing,1
foe,1
foes,1
fog,1
foggy,1
foil,1
foley,1
follower,1
followers,1
fooled,1
foolish,1
footing,1
footsteps,1
foraged,1
forceful,1
forebears,1
forefront,1
foreman,1
forest,1
forgave,1
forged,1
forgot,1
forgotten,1
formally,1
format,1
forms,1
forrest,1
forthcoming,1
fortune,1
forum,1
forwarded,1
founded,1
fours,1
fowler,1
foxes,1
fractured,1
framing,1
franchise,1
francisco,1
franken,1
frankenstein,1
frantic,1
fraudster,1
fraught,1
freaked,1
freeway,1
freezer,1
frequent,1
frequently,1
fresca,1
friedman,1
fringe,1
frittata,1
frontier,1
frontline,1
fronts,1
frosty,1
fruitless,1
frustrating,1
frustration,1
fsb,1
ft,1
fueling,1
fuller,1
fully,1
fuming,1
functioning,1
fund,1
fundamentally,1
funding,1
fundraising,1
funerals,1
funk,1
funnel,1
fused,1
fusion,1
gabbard,1
gabe,1
gabor,1
gabriel,1
gaga,1
gail,1
gaines,1
gaining,1
galette,1
gallagher,1
galls,1
gallup,1
galvanize,1
gambia,1
gamble,1
gang,1
gangster,1
gaping,1
garland,1
garnacha,1
gary,1
gasoline,1
gasp,1
gates,1
gateway,1
gauge,1
gauntlet,1
gavel,1
gay,1
gays,1
gdp,1
gears,1
gel,1
gems,1
gender,1
generation,1
geopolitical,1
georges,1
georgetown,1
gereken,1
germans,1
gertrude,1
ghost,1
ghosted,1
ghosts,1
gilded,1
gillum,1
ginormous,1
gins,1
girdle,1
gisele,1
gladiators,1
gladwell,1
glam,1
glamorous,1
glamour,1
glanzer,1
glass,1
glasser,1
glasses,1
glen,1
global,1
globalism,1
globe,1
gloomy,1
glorious,1
goat,1
goddesses,1
goldin,1
golds,1
goldstein,1
goldwater,1
gong,1
gonzales,1
gonzo,1
goodness,1
goon,1
gorsuch,1
gorton,1
gossip,1
gotcha,1
gottfried,1
governorships,1
goya,1
gp,1
gr,1
grabs,1
grace,1
grade,1
graduate,1
graduates,1
graff,1
grain,1
grammys,1
grande,1
grant,1
grapple,1
grassy,1
grate,1
grateful,1
grave,1
gray,1
grayson,1
greatness,1
greenstein,1
greenwald,1
greets,1
grew,1
grey,1
griddled,1
grieve,1
grigio,1
grindel,1
gripping,1
grips,1
gritting,1
gritty,1
grocery,1
groggy,1
groom,1
groomed,1
grounds,1
grudge,1
grudges,1
gruesome,1
gs,1
guarantee,1
guarding,1
guards,1
guernsey,1
guerrilla,1
guest,1
guided,1
guitar,1
gulags,1
gump,1
gurdus,1
gutting,1
guys,1
gyllenhaal,1
habitats,1
hacked,1
hacker,1
hacks,1
haggard,1
hakkƒ,1
haldeman,1
halfsmoke,1
hallmarks,1
halt,1
halted,1
halves,1
ham,1
hamburg,1
hammer,1
hammond,1
hamon,1
hamsters,1
handed,1
handicap,1
handle,1
handling,1
handmaid,1
handover,1
hanged,1
hangout,1
hannah,1
hansen,1
harambe,1
harassers,1
harbor,1
hardball,1
hardened,1
hardest,1
harlots,1
harm,1
harming,1
harmless,1
harmony,1
harry,1
harsh,1
hart,1
harvest,1
hat,1
hatch,1
hatefest,1
haters,1
hating,1
hatred,1
haunting,1
havemann,1
havoc,1
hawks,1
hayden,1
headaches,1
heading,1
heap,1
hears,1
heartbeat,1
heartburn,1
heat,1
heath,1
heating,1
heels,1
hefner,1
heights,1
heirs,1
helen,1
hello,1
helm,1
helpful,1
helps,1
hendricks,1
henry,1
herald,1
herbers,1
herbs,1
heretics,1
heritage,1
heroic,1
herring,1
herself,1
hewed,1
heyday,1
hgtv,1
hickenlooper,1
hiding,1
highlighted,1
highways,1
himmelfarb,1
hinder,1
hindu,1
hint,1
hip,1
hippies,1
hipster,1
hire,1
hirsch,1
hispanics,1
historovox,1
hoax,1
hoaxer,1
hoaxes,1
hobble,1
hobby,1
hohmann,1
holdman,1
holes,1
holmes,1
holton,1
holtzman,1
homeland,1
homemade,1
homes,1
honcho,1
honor,1
honorable,1
honored,1
honoring,1
honors,1
honours,1
hootenanny,1
hop,1
hopefuls,1
horowitz,1
hospital,1
hostage,1
hostility,1
hosting,1
household,1
houses,1
housing,1
howard,1
howgreenami,1
howl,1
howling,1
huawei,1
huffpost,1
hugh,1
hughes,1
huh,1
huma,1
humans,1
humiliating,1
humility,1
humor,1
humorist,1
humour,1
humphrey,1
hungarian,1
hungary,1
hunters,1
hunting,1
huntington,1
huntress,1
huntsman,1
hurrah,1
hurry,1
hurting,1
hurtles,1
hurtling,1
husbands,1
hussle,1
hustler,1
hype,1
hyperventilating,1
hypocrisy,1
hypocrites,1
hysteria,1
ian,1
ibf,1
iceberg,1
iced,1
icons,1
icy,1
id,1
idealism,1
ideology,1
idiot,1
idiots,1
idlib,1
idol,1
ignites,1
ignores,1
iii,1
ikea,1
illegally,1
illegitimate,1
illustrate,1
illustrated,1
imaginary,1
imagined,1
imagining,1
imitating,1
immediate,1
immediately,1
immigrant,1
immigrants,1
immoral,1
impaneling,1
impartial,1
impeachapalooza,1
impersonating,1
impersonators,1
implausible,1
implement,1
implementation,1
implicated,1
implicates,1
implicating,1
imploding,1
imply,1
imported,1
impossibility,1
impotent,1
imprisoned,1
improbable,1
impuestos,1
impulses,1
inappropriate,1
inaugurated,1
inc,1
incentives,1
inches,1
inclusion,1
incompetence,1
inconvenient,1
increased,1
incriminates,1
incriminating,1
incumbents,1
indefensible,1
indianapolis,1
indictability,1
indicting,1
indigenous,1
indispensable,1
individual,1
inducing,1
ineptitude,1
ineptness,1
inevitability,1
inexperience,1
infamy,1
inferno,1
infiltrated,1
inflames,1
inflicted,1
inflow,1
influencers,1
influences,1
infomercials,1
infortrend,1
infuriates,1
ingram,1
inhumane,1
inimitable,1
injustices,1
inland,1
innocence,1
inorganic,1
inquisitors,1
inscriptions,1
insecure,1
insecurities,1
insight,1
inspiration,1
inspire,1
inspires,1
installation,1
institutional,1
instructs,1
insufficient,1
insurance,1
intact,1
intense,1
intensifies,1
interactions,1
intercepted,1
interesting,1
interests,1
interfere,1
interior,1
intervened,1
intimidation,1
intrigue,1
intrigued,1
introduction,1
invaded,1
invent,1
invented,1
investigates,1
investments,1
investors,1
invincibility,1
invincible,1
invitation,1
invitational,1
invites,1
invoke,1
invoked,1
involve,1
iq,1
iranian,1
iraq,1
ireland,1
irina,1
irma,1
irony,1
irregular,1
irregularities,1
irresistible,1
irresponsible,1
isaac,1
ish,1
isinbayeva,1
islam,1
islamic,1
isolation,1
israelis,1
issa,1
issued,1
istanbul,1
italian,1
item,1
items,1
itunes,1
ix,1
jablonska,1
jackson,1
jacobson,1
jacques,1
jam,1
jamal,1
jeers,1
jefferson,1
jemele,1
jenkins,1
jenner,1
jenny,1
jericho,1
jerk,1
jerry,1
jesus,1
jet,1
jets,1
jewish,1
jinks,1
joel,1
joey,1
johnny,1
joining,1
joking,1
joneses,1
jong,1
joost,1
jordan,1
jordanian,1
jos,1
journalistically,1
journals,1
jousts,1
jovenel,1
joystick,1
juanita,1
judas,1
judgement,1
judicial,1
julie,1
juliette,1
jumps,1
jungle,1
juska,1
jussie,1
justices,1
justification,1
ka,1
kabul,1
kagan,1
kamelot,1
kate,1
kathleen,1
kathrada,1
katrina,1
kcet,1
keeper,1
keith,1
kendall,1
kentucky,1
kerry,1
keys,1
khan,1
khizr,1
khloe,1
kicked,1
kid,1
kidder,1
kidnapping,1
kiefer,1
kilkenny,1
killer,1
killing,1
kimmel,1
kingdom,1
kinkead,1
kirkman,1
kirstjen,1
kiss,1
kitty,1
knife,1
knoll,1
knowing,1
kobe,1
kondo,1
konyukhov,1
kotz,1
kremlingate,1
ktla,1
kuhn,1
kunhardt,1
kurds,1
kuril,1
kwai,1
kylie,1
kyra,1
lab,1
labelle,1
labradoodles,1
lacy,1
ladygraham,1
lagarde,1
lago,1
lake,1
lakes,1
lam,1
lama,1
lampoon,1
landfill,1
landing,1
landlord,1
landmark,1
landon,1
lands,1
lange,1
lanka,1
lapshin,1
lardner,1
large,1
las,1
latin,1
latinos,1
latta,1
lauder,1
laugh,1
laughable,1
laughing,1
launched,1
launching,1
lauren,1
laurene,1
lawmaking,1
lawn,1
laxalt,1
laying,1
layoffs,1
ld,1
leading,1
leads,1
leahy,1
leak,1
leaky,1
leaping,1
learning,1
leather,1
legality,1
legalized,1
legalizes,1
legally,1
legends,1
legislation,1
legislature,1
leibovich,1
leicester,1
leipzig,1
lemonade,1
lengthy,1
leon,1
lesley,1
lester,1
lethal,1
lets,1
letting,1
lettuces,1
lev,1
leveraging,1
levin,1
lewandowski,1
lewinsky,1
lgbtq,1
liabilities,1
liability,1
liam,1
libby,1
libel,1
liberty,1
license,1
liddle,1
liebe,1
liedman,1
lifestyle,1
lift,1
lighter,1
likes,1
limb,1
limbo,1
linda,1
lineup,1
link,1
linking,1
linton,1
listened,1
listers,1
listings,1
lithgow,1
lithuania,1
litman,1
livid,1
liz,1
lo,1
loathe,1
lobster,1
lockdown,1
locket,1
logan,1
logs,1
loneliness,1
longing,1
longworth,1
loom,1
loomed,1
loop,1
loose,1
lord,1
lorenz,1
lots,1
loud,1
louise,1
louisiana,1
louvre,1
lover,1
loving,1
lower,1
lsd,1
lt,1
lugar,1
luke,1
luken,1
lukewarm,1
lula,1
lunch,1
lurched,1
lust,1
luther,1
luxurious,1
lynch,1
lynched,1
lynching,1
lynda,1
lyndon,1
maasai,1
maastricht,1
mac,1
macedonia,1
machina,1
machines,1
maclaine,1
madame,1
madman,1
madonna,1
madrid,1
maestro,1
maga,1
maggie,1
magician,1
magicians,1
magnet,1
magnitude,1
maguire,1
main,1
majors,1
makeover,1
makings,1
malcolm,1
male,1
malek,1
malgorzata,1
malice,1
malignant,1
mall,1
malpractice,1
manage,1
managed,1
manager,1
managing,1
manchester,1
manchurian,1
mandate,1
mandatory,1
mandela,1
manhunt,1
mania,1
maniac,1
manipulator,1
manson,1
mantle,1
mapo,1
maracci,1
marburger,1
marc,1
marching,1
margaret,1
marginalization,1
margot,1
marianne,1
marijuana,1
marinade,1
marion,1
marita,1
markey,1
markovic,1
marlow,1
marred,1
married,1
marriott,1
marshal,1
marshall,1
martha,1
martial,1
marttila,1
marxist,1
maryam,1
mascot,1
mason,1
massachusetts,1
masseria,1
master,1
mastered,1
masturbating,1
matchday,1
matching,1
mate,1
mathematical,1
matriarch,1
mattered,1
matthias,1
maura,1
maurer,1
maverick,1
maximize,1
maximus,1
mayer,1
mazlish,1
mccarthyism,1
mccormack,1
mcgehee,1
mclaughlin,1
mcnally,1
meal,1
meals,1
meaning,1
meaningful,1
meanings,1
meant,1
measles,1
measuring,1
meatballs,1
medicaid,1
medieval,1
megan,1
megyn,1
melancholy,1
melting,1
membership,1
memorable,1
mentalist,1
mentally,1
mentor,1
mentors,1
menu,1
mercedes,1
meringues,1
merle,1
mermaids,1
merrick,1
messes,1
messy,1
methodically,1
meticulous,1
metro,1
mia,1
mich,1
michelle,1
microbes,1
mideast,1
midland,1
midnightmitch,1
mighty,1
mikaela,1
mild,1
miles,1
milk,1
milkshakes,1
millennial,1
millett,1
milling,1
millionaires,1
milosevic,1
mimi,1
mimic,1
mingle,1
mini,1
miniature,1
minimum,1
mining,1
minions,1
minnesota,1
minogue,1
minoritarian,1
minorities,1
minsk,1
minus,1
minute,1
miracles,1
miriam,1
mirjana,1
mirror,1
mirroring,1
mirzakhani,1
misconduct,1
misfit,1
mishra,1
misled,1
misses,1
misstep,1
mistakenly,1
mister,1
mistrial,1
mix,1
mixed,1
mlb,1
mln,1
mocked,1
mode,1
moderate,1
moderator,1
modi,1
mogul,1
mom,1
monarch,1
mongering,1
mongolia,1
monica,1
moniker,1
monitor,1
monkeys,1
monopolies,1
monoxide,1
monstrously,1
montecito,1
monterrey,1
monument,1
monumental,1
morally,1
moran,1
morgan,1
moritz,1
morrison,1
motel,1
mother,1
motion,1
motivations,1
motives,1
mount,1
mourning,1
mouthed,1
mouthpiece,1
mouthy,1
moviegoer,1
msnbc,1
mud,1
mudbound,1
muestran,1
mulaney,1
multi,1
mum,1
munk,1
murderer,1
murderers,1
museums,1
mushrooms,1
musical,1
muslims,1
mute,1
muted,1
myfreedomday,1
mystique,1
nadler,1
nailed,1
nails,1
naked,1
napolitano,1
narratives,1
nastiness,1
nasty,1
nationalized,1
nations,1
nationwide,1
nats,1
navarro,1
navigate,1
nba,1
nda,1
ndash,1
nea,1
necessary,1
neck,1
needn,1
neeson,1
negative,1
negatively,1
negativism,1
negotiation,1
nehisi,1
neighbor,1
neill,1
nelson,1
neo,1
neologisms,1
nerd,1
nerdy,1
nervous,1
net,1
neuer,1
neurotic,1
neutral,1
newcomer,1
newsless,1
newsman,1
newsweek,1
newswoman,1
neyfakh,1
nhl,1
nicer,1
nicholas,1
nicolosi,1
nielsen,1
nigerian,1
nigh,1
nina,1
ninja,1
nipsey,1
nixonland,1
nobel,1
noelle,1
nolan,1
noma,1
nominate,1
nominations,1
nonstop,1
nonverbal,1
nor,1
norah,1
normalizing,1
normandy,1
nos,1
nose,1
nostalgia,1
nostalgic,1
notebook,1
noted,1
notice,1
noticed,1
notnixonian,1
npr,1
nubbly,1
nutty,1
nyc,1
nyt,1
nƒ,1
oa,1
obamajam,1
objections,1
objects,1
obligated,1
obscurity,1
obsequious,1
observe,1
observer,1
obsess,1
obsessed,1
obst,1
obstacle,1
obstacles,1
obstructing,1
obtaining,1
occupation,1
occupies,1
occurred,1
ocean,1
octopuses,1
odyssey,1
offended,1
offenders,1
offensive,1
offering,1
offices,1
offline,1
ogden,1
okay,1
oklahoma,1
olamendi,1
older,1
oldest,1
oligarch,1
oligarchs,1
olliemania,1
onetime,1
onscreen,1
onto,1
opel,1
openly,1
operated,1
operates,1
operations,1
operatives,1
opini,1
oppermann,1
opportunity,1
opposes,1
optimist,1
option,1
oral,1
orbit,1
oregon,1
organ,1
organization,1
organizations,1
orlando,1
orthodox,1
ostrich,1
otherwise,1
ours,1
outcome,1
outgoing,1
outlet,1
outline,1
outlook,1
output,1
outraged,1
outrageous,1
outrages,1
outreach,1
outspoken,1
overall,1
overlap,1
overlapping,1
overlooked,1
overly,1
overreaching,1
overrode,1
oversee,1
overshadowed,1
overshadows,1
overstays,1
overstepping,1
overtakes,1
overturn,1
owed,1
oweida,1
owned,1
owners,1
owns,1
oxford,1
oz,1
package,1
packing,1
paddleboard,1
padres,1
painted,1
pajamas,1
pakistan,1
pakula,1
palestinian,1
palestinians,1
palisades,1
palladin,1
palma,1
palmer,1
palooza,1
pals,1
pan,1
pankaj,1
panna,1
paper,1
parade,1
paradise,1
paragraphs,1
pardoned,1
parkway,1
parliament,1
parliamentarians,1
parnas,1
parody,1
partial,1
participate,1
participation,1
partied,1
parting,1
partisanship,1
partnership,1
parts,1
passed,1
passion,1
pasting,1
pastoral,1
pathbreaking,1
patricia,1
patrician,1
patriotic,1
patriots,1
patt,1
patti,1
patuxent,1
pause,1
paying,1
payment,1
payments,1
payoffs,1
payroll,1
peaceful,1
peacock,1
peak,1
peanut,1
pearls,1
peas,1
pelinka,1
pending,1
penguins,1
penn,1
pennsylvania,1
pepsi,1
per,1
perception,1
perceptions,1
perez,1
performed,1
peril,1
periods,1
perlstein,1
permission,1
permit,1
perovskite,1
persecuted,1
personalities,1
personalizing,1
persuadable,1
perversion,1
pet,1
petersburg,1
peterson,1
petition,1
petty,1
pheasant,1
phelps,1
phenomenon,1
philando,1
philanthropist,1
philip,1
phillip,1
phillips,1
philosopher,1
philosophical,1
philosophy,1
phony,1
photograph,1
photographer,1
photographic,1
photographs,1
phrase,1
physical,1
pickle,1
pickup,1
pictured,1
pie,1
pieces,1
piercing,1
piling,1
pill,1
pillar,1
pills,1
pilobolus,1
pilot,1
pinocchio,1
pinsky,1
pioneered,1
pioneering,1
pipeline,1
pistachio,1
pistol,1
pitcher,1
pitchman,1
pits,1
pivotal,1
pizzeria,1
plague,1
plagued,1
plaque,1
playboy,1
playful,1
playwright,1
playwrights,1
pledge,1
pledges,1
plowed,1
plows,1
ploy,1
plumber,1
plunged,1
pocket,1
pockets,1
podcast,1
podcaster,1
podcasts,1
podesta,1
poems,1
poh,1
pointed,1
pointing,1
poised,1
poison,1
poisoned,1
poisoning,1
politeness,1
politicizing,1
politicking,1
pollution,1
pomp,1
ponder,1
ponders,1
poodle,1
pooh,1
pools,1
popcorn,1
popping,1
pops,1
populism,1
populist,1
pornography,1
port,1
portending,1
portray,1
pose,1
positions,1
positive,1
possession,1
possibility,1
posted,1
poster,1
posters,1
posting,1
postpones,1
postponing,1
potomac,1
pottinger,1
pottymouth,1
pounding,1
pour,1
povetkin,1
powered,1
practical,1
prague,1
prairie,1
praise,1
praiseworthy,1
prank,1
pranks,1
prayer,1
prays,1
precise,1
predator,1
predators,1
predecessors,1
predictable,1
predicted,1
predicting,1
predicts,1
preemptive,1
preexisting,1
prelude,1
premature,1
premier,1
premieres,1
prepared,1
preparing,1
preposterous,1
prequel,1
prescient,1
presence,1
preserve,1
preserving,1
preside,1
presides,1
pressed,1
pressmen,1
pressured,1
pretzels,1
preview,1
previewed,1
previous,1
pride,1
primal,1
primaries,1
primer,1
priming,1
primordial,1
princesses,1
principle,1
prior,1
priorities,1
prisoner,1
privatize,1
prizewinners,1
prizewinning,1
procedure,1
procedures,1
proceeds,1
processes,1
prodigy,1
produced,1
professional,1
professionals,1
professors,1
profiles,1
profitability,1
profound,1
progressing,1
projections,1
projects,1
property,1
prophecy,1
prophet,1
proponent,1
propose,1
prosecuting,1
prospect,1
prosperity,1
protagonists,1
protectionism,1
protective,1
protects,1
provided,1
proving,1
provisions,1
provocative,1
pseudo,1
psycho,1
psychoanalysis,1
psychology,1
published,1
publishing,1
puff,1
pugnacious,1
pullback,1
pulls,1
pulpits,1
pump,1
pumpkin,1
punch,1
punditry,1
punk,1
puppet,1
purchase,1
purges,1
purified,1
purple,1
purpose,1
pursuing,1
pursuit,1
puzzle,1
qaeda,1
qanon,1
quaint,1
qualification,1
qualified,1
quarantelli,1
quarter,1
quartz,1
quell,1
quenching,1
questionable,1
questioning,1
quickly,1
quinn,1
quixotic,1
racial,1
racing,1
racism,1
rack,1
racking,1
racks,1
racy,1
radicalized,1
radio,1
raf,1
raging,1
rahm,1
raids,1
rail,1
railway,1
raines,1
rainy,1
rake,1
rallies,1
rallying,1
rampage,1
ramped,1
ranch,1
rancho,1
rand,1
rangers,1
ranging,1
ranieri,1
ranks,1
ransom,1
raped,1
rapid,1
rapp,1
rapper,1
raskin,1
rat,1
ratcliffe,1
rate,1
ratification,1
rating,1
ratings,1
ration,1
rationale,1
rationalize,1
rationally,1
ratushinskaya,1
rauch,1
raul,1
raum,1
ray,1
raytheon,1
razor,1
rb,1
reached,1
reaches,1
reactions,1
readiness,1
reaganland,1
realdonaldtrump,1
realignment,1
realists,1
realities,1
realization,1
realm,1
rear,1
reassuring,1
reassuringly,1
reauthorized,1
rebel,1
rebelled,1
rebellious,1
reboots,1
rebuked,1
rebukes,1
rebuts,1
rebutting,1
recage,1
recall,1
recess,1
recession,1
recipes,1
recipients,1
reciprocate,1
recognize,1
reconciled,1
reconciliation,1
recovering,1
redact,1
redefined,1
redistricting,1
redzepi,1
reelected,1
reemerge,1
reeves,1
reexamining,1
reference,1
referred,1
reflect,1
reflected,1
reflex,1
reformers,1
refund,1
refuse,1
refuses,1
refute,1
refutes,1
regarding,1
regional,1
registered,1
regret,1
regrets,1
regularly,1
regulate,1
regulation,1
regulators,1
reichsb,1
reid,1
reimagined,1
reimagining,1
reince,1
reins,1
reintroduce,1
reinvigorate,1
rejected,1
rejection,1
relations,1
relationships,1
relax,1
relaxing,1
relic,1
relies,1
relishes,1
reliving,1
rely,1
relying,1
remade,1
remaining,1
remedy,1
remind,1
remnick,1
remote,1
remotely,1
removal,1
renaissance,1
rename,1
render,1
rene,1
renews,1
renovation,1
reopen,1
reopening,1
reopens,1
reorganizing,1
repair,1
repeatedly,1
repeating,1
repeats,1
repel,1
repent,1
repertoire,1
replaced,1
replacement,1
replacements,1
replacing,1
reportage,1
representing,1
represents,1
reprieve,1
reproaches,1
repudiated,1
repudiation,1
repurposed,1
request,1
requested,1
requests,1
requiem,1
required,1
requires,1
rescinded,1
rescue,1
rescued,1
resegregation,1
reserved,1
reshaped,1
resident,1
resign,1
resolution,1
resonates,1
resort,1
resource,1
resourcefulness,1
respect,1
responding,1
responds,1
restrained,1
restrictions,1
restrooms,1
result,1
resuscitated,1
retaliated,1
retaliation,1
retraction,1
retreat,1
retrospective,1
returned,1
returning,1
reunion,1
reusable,1
reuters,1
revelatory,1
revels,1
reversal,1
reversals,1
reverse,1
reviewed,1
revisiting,1
revival,1
revive,1
revived,1
revolutionary,1
rewrites,1
reynolds,1
rhapsody,1
rhine,1
rhinestone,1
rhode,1
rhodes,1
rhyming,1
riboud,1
richness,1
ricotta,1
ride,1
rigged,1
righting,1
riled,1
riling,1
rings,1
rink,1
rip,1
ripples,1
rippling,1
risen,1
risks,1
riveted,1
riveting,1
rivlin,1
roads,1
roars,1
roast,1
rob,1
robbins,1
robin,1
robots,1
roche,1
rockefeller,1
rocket,1
rocketman,1
rodham,1
roe,1
rogers,1
rogues,1
rohrabacher,1
roll,1
rolled,1
rollout,1
rolls,1
roma,1
roman,1
romania,1
ron,1
ronald,1
ronny,1
rooftops,1
rooms,1
roost,1
root,1
rooted,1
roots,1
rosatom,1
roseanne,1
rosenbaum,1
rosenker,1
roses,1
rot,1
rotterdam,1
rotunda,1
roulette,1
rourke,1
row,1
royale,1
rpc,1
rugby,1
ruin,1
ruined,1
ruining,1
rulings,1
rumble,1
rumor,1
rumored,1
rumors,1
rundown,1
runoff,1
runs,1
ruppersberg,1
ryden,1
saban,1
sacrifice,1
sadness,1
safari,1
saffron,1
safire,1
sag,1
sail,1
salads,1
salem,1
salesman,1
saloum,1
salute,1
salutes,1
salvage,1
salvaged,1
samuel,1
san,1
sanchez,1
sand,1
sandwiches,1
sanford,1
sanity,1
santa,1
sara,1
sarno,1
sasse,1
satire,1
satirize,1
satisfied,1
satisfying,1
sauce,1
sauna,1
sausage,1
sausages,1
savannah,1
savior,1
saw,1
scales,1
scam,1
scandalize,1
scandalized,1
scant,1
scarce,1
scare,1
scared,1
scarred,1
scenario,1
scene,1
scharlette,1
scheme,1
scheming,1
schock,1
schoeller,1
scholarly,1
schultz,1
schuster,1
scientific,1
scientist,1
scion,1
scoops,1
scooter,1
score,1
scorecard,1
scorned,1
scorsese,1
scotland,1
scottish,1
scoundrels,1
scrambles,1
scrambling,1
scrap,1
scraping,1
screed,1
screening,1
screenplay,1
screenplays,1
screenwriting,1
screw,1
screws,1
scripted,1
scrupulously,1
scrutinizes,1
seal,1
seales,1
seamy,1
searching,1
seared,1
seasonal,1
seatbelt,1
seats,1
seattle,1
sec,1
secretive,1
section,1
sector,1
secure,1
seducer,1
seeds,1
seekers,1
seemed,1
seinfeld,1
seizing,1
seizures,1
sekulow,1
select,1
sending,1
sends,1
senegal,1
senior,1
sentences,1
sentiment,1
separation,1
sequoia,1
serbia,1
serena,1
sermon,1
servant,1
server,1
services,1
session,1
sestak,1
setbacks,1
settlements,1
settling,1
seuss,1
sewer,1
sexier,1
shade,1
shades,1
shady,1
shakira,1
shall,1
sham,1
shamed,1
shapes,1
shareholder,1
sharing,1
sharknado,1
sharks,1
sharpie,1
shaw,1
shea,1
shed,1
sheinbaum,1
sheldon,1
shell,1
shelter,1
shelves,1
sheriff,1
sherrod,1
shielded,1
shiffrin,1
shifted,1
shifting,1
shifts,1
shines,1
ships,1
shocked,1
shocks,1
shoe,1
shoot,1
shopping,1
shops,1
shortage,1
shortened,1
shorter,1
shortly,1
shouted,1
shouts,1
shoved,1
showdown,1
showdowns,1
shower,1
shown,1
shrimp,1
shrimpscam,1
shrine,1
shrinks,1
shrugs,1
shtum,1
shunned,1
shunning,1
si,1
siberian,1
siblings,1
sicko,1
sideshow,1
sidestep,1
sigal,1
signature,1
significance,1
silkwood,1
silky,1
silvestri,1
simone,1
simplest,1
simpsons,1
sinai,1
sinatra,1
singer,1
singing,1
singlehood,1
sins,1
sip,1
sipping,1
sisterhood,1
sit,1
site,1
sites,1
situational,1
sizes,1
skarsgard,1
skate,1
skee,1
sketches,1
sketchy,1
ski,1
skier,1
skilled,1
skillet,1
skin,1
skinned,1
skinny,1
skip,1
skipping,1
skit,1
slade,1
slain,1
slater,1
slave,1
slavery,1
slavish,1
slaying,1
sleeper,1
sleeping,1
sleuth,1
slice,1
slides,1
slimy,1
slinging,1
slip,1
slipping,1
slips,1
slobodan,1
sloppy,1
sloth,1
slowed,1
slowing,1
sloyan,1
slurs,1
smacks,1
smart,1
smartest,1
smashed,1
smear,1
smears,1
smells,1
smithsonian,1
smoked,1
smokey,1
smollett,1
smother,1
smothers,1
smuggled,1
smuggling,1
snarky,1
snidery,1
sniping,1
snowball,1
soap,1
sobering,1
soccer,1
sochi,1
socialism,1
socialite,1
soft,1
soften,1
softer,1
soil,1
solace,1
sold,1
soldiers,1
solicited,1
solid,1
solidifies,1
solidify,1
solstice,1
solve,1
solved,1
somber,1
somewhat,1
sondheim,1
sooner,1
sophisticated,1
sore,1
soru,1
soulmates,1
sounding,1
soundtrack,1
sourced,1
souring,1
soviet,1
soviets,1
sow,1
spalding,1
spaniel,1
spanish,1
sparing,1
sparrow,1
spartacus,1
spd,1
speaking,1
specialists,1
spectacular,1
speeches,1
spend,1
sphere,1
spicy,1
spied,1
spine,1
spineless,1
spinelessness,1
spinner,1
spinners,1
spinning,1
spiraling,1
spirals,1
spitfire,1
splash,1
splatter,1
split,1
splitting,1
spoil,1
spokeswoman,1
sponsors,1
spots,1
spotter,1
spouse,1
spreading,1
sprouted,1
sputnik,1
spymaster,1
sq,1
squad,1
square,1
squash,1
squelch,1
squirrels,1
sr,1
sri,1
ssj,1
stability,1
stable,1
stacks,1
stadiums,1
staffers,1
staffing,1
stagecraft,1
stages,1
staggering,1
stahl,1
staked,1
stalls,1
stalwart,1
stamps,1
standard,1
standing,1
standings,1
stansfield,1
stansted,1
starbucks,1
stark,1
starred,1
started,1
starved,1
stash,1
station,1
stations,1
statues,1
stature,1
status,1
statute,1
steadman,1
steak,1
steal,1
stealing,1
steam,1
steamed,1
steaming,1
steele,1
steeling,1
steered,1
steering,1
stench,1
stepped,1
stepping,1
stevia,1
stew,1
sticking,1
sticks,1
stiff,1
stings,1
stirring,1
stirs,1
stock,1
stocking,1
stockpiling,1
stokes,1
stole,1
stoli,1
stones,1
stonewall,1
stonewalling,1
storied,1
stormed,1
storms,1
stormtrooper,1
storyteller,1
storytelling,1
straight,1
strained,1
strangest,1
strap,1
strategists,1
straw,1
strength,1
stress,1
stricter,1
strife,1
striking,1
string,1
strip,1
strippers,1
strips,1
stronger,1
strongest,1
stronghold,1
strongly,1
struck,1
struggling,1
studded,1
stumble,1
stumbles,1
stumbling,1
stunner,1
stupidity,1
sturgeon,1
stymied,1
subject,1
submits,1
subtlety,1
subtweeting,1
subvert,1
subverts,1
succeeds,1
successes,1
successful,1
successfully,1
succession,1
suffered,1
suffering,1
sufficient,1
suffrage,1
sugars,1
suger,1
suggest,1
suggested,1
sullivan,1
summit,1
summon,1
sumter,1
sun,1
sundance,1
sunflower,1
sunnylands,1
sunstein,1
superdelegates,1
supergirl,1
superheroes,1
superman,1
supermarkets,1
superpower,1
superstar,1
supervillain,1
supervillainess,1
supply,1
supported,1
supporting,1
supposed,1
suppression,1
surface,1
surfers,1
surfing,1
surges,1
surprises,1
surrender,1
surrey,1
surrogate,1
surround,1
surrounding,1
surveilled,1
survey,1
survival,1
survives,1
survivors,1
suspended,1
suspension,1
sustained,1
sutherland,1
suudi,1
swagger,1
sway,1
sweat,1
sweden,1
sweep,1
swimsuit,1
swine,1
swinging,1
swirling,1
swiss,1
switch,1
switches,1
swoonfest,1
swoons,1
swords,1
swore,1
sy,1
sycophancy,1
sydow,1
symmetric,1
sympathizing,1
symphony,1
symptoms,1
syrup,1
szydlo,1
ta,1
tackled,1
tactic,1
tactical,1
tag,1
tai,1
tainted,1
takeaway,1
takeout,1
takeover,1
tall,1
tally,1
tame,1
tamp,1
tan,1
tangible,1
tango,1
tanks,1
tantrum,1
tap,1
targeting,1
tariffs,1
taser,1
tass,1
taunt,1
taxonomy,1
taxpayer,1
taxpayers,1
tbilisi,1
teacher,1
tear,1
tease,1
techno,1
technology,1
tee,1
teenager,1
teens,1
teeth,1
tehama,1
tehran,1
temper,1
tenacious,1
tender,1
tennison,1
tense,1
tenure,1
tequila,1
termer,1
terms,1
terrence,1
terrestrial,1
terrific,1
terrified,1
terrifying,1
territories,1
territory,1
terrorism,1
tested,1
testified,1
texts,1
thaad,1
thank,1
thankful,1
theatergoers,1
theatre,1
theatrical,1
theatrics,1
thee,1
theme,1
theorizing,1
therein,1
theresa,1
thermodynamics,1
thick,1
thievery,1
thin,1
thinker,1
thinkers,1
thinnest,1
thirst,1
thompson,1
thoughts,1
thousand,1
threw,1
thrilled,1
thrives,1
throats,1
thrones,1
thug,1
thuggish,1
thunder,1
thundercat,1
thwarted,1
thwarting,1
tiananmen,1
ticking,1
ticktock,1
tidy,1
tiger,1
tighten,1
tilted,1
timid,1
timidity,1
tingling,1
tino,1
tip,1
tipping,1
tips,1
title,1
titles,1
tobacco,1
tocqueville,1
todd,1
toddler,1
tofu,1
toilet,1
tomato,1
ton,1
tongue,1
tony,1
tools,1
tootsie,1
topping,1
topple,1
toppled,1
tops,1
tornado,1
tornadoes,1
toronto,1
tortillas,1
torture,1
tortured,1
tosses,1
totally,1
totenberg,1
touchstone,1
tourism,1
tourist,1
tournament,1
toussaint,1
tower,1
toy,1
traced,1
tracing,1
tracked,1
traction,1
trademark,1
traders,1
traditions,1
traffic,1
traffickers,1
tragic,1
trail,1
trailblazer,1
trains,1
traitor,1
tram,1
transaction,1
transcended,1
transfer,1
transfers,1
transformation,1
transmit,1
transportation,1
trap,1
travails,1
traveler,1
travels,1
travolta,1
treachery,1
tread,1
treating,1
treaty,1
trends,1
tribal,1
tricks,1
trifecta,1
trigger,1
triggered,1
triggering,1
triggers,1
trillion,1
trips,1
trisha,1
tristan,1
triumph,1
trolls,1
troops,1
tropical,1
tropics,1
trotz,1
trove,1
trumpist,1
trumpists,1
trumpland,1
trumpocalypse,1
trumpocracy,1
trumps,1
trumpy,1
truthful,1
trysts,1
tulsi,1
tunes,1
turan,1
turf,1
turkeys,1
turkish,1
turner,1
tussauds,1
tutman,1
tutorial,1
tvg,1
tweak,1
tweeting,1
twins,1
twist,1
twisted,1
twists,1
twisty,1
tying,1
tyler,1
typhoon,1
typical,1
uc,1
ucla,1
uk,1
ukrainians,1
ultimately,1
umbrella,1
unabashed,1
unabashedly,1
unacceptable,1
unanimous,1
unavoidably,1
unbelievable,1
unc,1
uncannily,1
uncertainty,1
unchanged,1
uncharted,1
unchastened,1
uncle,1
unconventional,1
uncover,1
uncovers,1
underappreciated,1
underbellies,1
undercover,1
undercutting,1
underestimated,1
underestimates,1
underground,1
underlying,1
undermining,1
underrated,1
underreported,1
understated,1
understood,1
undertow,1
underwater,1
undocumented,1
uneasy,1
unethical,1
unfair,1
unfettered,1
unfilled,1
unfinished,1
unflinching,1
unhinged,1
unholy,1
unified,1
unimaginable,1
uniquely,1
unites,1
universal,1
universe,1
unlawful,1
unlock,1
unmade,1
unmasking,1
unnecessary,1
unnoticed,1
unpatriotic,1
unpopularity,1
unprecedented,1
unproven,1
unravel,1
unreason,1
unredacted,1
unregistered,1
unrivaled,1
unsettled,1
unsettling,1
untamed,1
untested,1
untouchable,1
unveil,1
unwelcome,1
upheaval,1
uphill,1
uphold,1
upholding,1
upholds,1
uproar,1
upscale,1
upstanding,1
upstate,1
urgency,1
usc,1
useful,1
useless,1
uselessness,1
uses,1
utilities,1
vacant,1
vacate,1
vacation,1
vaccinate,1
vaccine,1
vaccines,1
valentine,1
valeriani,1
valley,1
valuable,1
vapid,1
var,1
various,1
vast,1
vastly,1
vatican,1
vaxxers,1
vecchione,1
veep,1
veers,1
vegan,1
vegetarian,1
veiled,1
venerable,1
venice,1
vents,1
venture,1
vermeer,1
version,1
versions,1
vetting,1
vexed,1
vibrant,1
vicious,1
victim,1
victimization,1
victims,1
victorian,1
videos,1
vies,1
vietnamese,1
viewed,1
viewer,1
vilification,1
village,1
villain,1
vincent,1
vindicated,1
vindman,1
vintage,1
violent,1
virtually,1
virtue,1
visas,1
visionaries,1
visited,1
vistas,1
visuals,1
vividly,1
vladimir,1
vocabulary,1
vocal,1
vogue,1
volkswagen,1
volleys,1
volunteers,1
vonn,1
vorkin,1
vows,1
vulgar,1
vulnerabilities,1
vulnerability,1
wacky,1
wada,1
wading,1
wage,1
waived,1
wajda,1
walcott,1
wald,1
walk,1
walker,1
walking,1
walks,1
wallace,1
walsh,1
walter,1
walters,1
walton,1
wane,1
ward,1
warfare,1
warm,1
warmer,1
warn,1
warner,1
warp,1
warrant,1
warrants,1
warriors,1
wary,1
wash,1
wasserman,1
watchmen,1
waterfront,1
watergates,1
watermelon,1
waver,1
wax,1
waxes,1
weakens,1
weaker,1
weaknesses,1
wealth,1
weaver,1
wedge,1
weed,1
weeks,1
weighing,1
weinstein,1
weird,1
weisberg,1
weissmann,1
wells,1
wes,1
western,1
westeros,1
westhuizen,1
wetland,1
whenever,1
whipping,1
whitewater,1
wicked,1
widen,1
widens,1
wields,1
wildfire,1
wildfires,1
wildlife,1
wiles,1
willfully,1
williamson,1
willing,1
winding,1
window,1
windows,1
winston,1
wintour,1
wipeout,1
wires,1
wiretapped,1
wishful,1
wishing,1
wit,1
withdraw,1
withhold,1
within,1
wives,1
wizard,1
wmd,1
wonks,1
wood,1
woolf,1
wootten,1
worker,1
worrisome,1
worsen,1
wound,1
wray,1
wreaks,1
wreckage,1
wrecking,1
wrench,1
wrest,1
wrestle,1
wrestled,1
write,1
wrongs,1
xenophobic,1
yang,1
yarvitz,1
yawn,1
yearbook,1
yellow,1
yemen,1
yield,1
ymca,1
yoga,1
yogurt,1
yoo,1
youngest,1
youthful,1
zealand,1
zelensky,1
zelizer,1
zellweger,1
zen,1
zimbabwe,1
zombie,1
zsa,1
ºlmesi,1
ºr,1
ßok,1
ßƒ,1
äâ,1
äúall,1
äúexecutive,1
äúmark,1
äúslow,1
æt,1
üƒ,1
πrger,1