7/17/2020,"Analysis: With purges and appointments, Trump leaves a lasting mark on inspector general system"
7/17/2020,Analysis: Five reasons Trump is poised to get acquitted ‚Äî but Watergate brought down Nixon
7/17/2020,Analysis: White House moves to shield Trump from oversight of his coronavirus response
7/17/2020,Analysis: Bernie Sanders built a diverse coalition to win Nevada. South Carolina offers a tougher test.
7/17/2020,Analysis: Senate Republicans move the goal posts again after Bolton‚s book and Dershowitz‚s defense of Trump
7/17/2020,"Analysis: Lev Parnas‚s interviews, and documents, tie Trump more directly to the Ukraine pressure campaign"
7/17/2020,"Analysis: Joe Biden talks Ukraine, but not impeachment, in Iowa ‚Äì as the Senate trial complicates his messaging"
7/17/2020,Analysis: Impeachment Day showcased five hallmarks of Trump‚s governing style
7/17/2020,Analysis: Senators plead for volunteers in Iowa to step up as the impeachment trial pulls them away
7/17/2020,Analysis: Street protests across the world are a fitting coda to this uneasy decade of revolution and reaction
7/17/2020,Analysis: House Republicans try to put law schools on trial as part of their Trump impeachment defense
7/17/2020,Analysis: Domestic political errand‚ fits with Trump‚s absolutist views of presidential power
7/17/2020,Analysis: Does Trump trust Putin more than Pelosi? Baghdadi death shows politicization of national security.
7/17/2020,Analysis: Ukraine scandal entangles a widening cast of previously obscure characters. Here‚s a primer.
7/17/2020,Analysis: Reversals on G-7 and potentially Syria show Trump buckles in the face of enough Republican pressure
7/17/2020,"Analysis: Elizabeth Warren dominated the debate, but attacks from seven rivals highlighted her vulnerabilities"
7/17/2020,Analysis: Trump‚s refusal to comply with House subpoenas depends on an absolutist view of executive power
7/17/2020,Analysis: All the president‚s lawyers. Four government attorneys find themselves embroiled in Trump's Ukraine mess.
7/17/2020,Analysis: Trumpism represents a repudiation of American exceptionalism
7/17/2020,Analysis: What if John Ratcliffe got the job? Trump‚s felled pick for DNI shows the importance of personnel.
7/17/2020,Analysis: Mike Pompeo and Bill Barr are increasingly implicated in the impeachment inquiry
7/17/2020,Analysis: Epstein conspiracy theories showcase the paranoid style in American politics
7/17/2020,Analysis: New Senate intelligence report deepens the mysteries surrounding Russian 2016 election interference
7/17/2020,"Analysis: John Paul Stevens, dead at 99, leaves a legacy of checking presidential power. Will it endure?"
7/17/2020,"Analysis: As Alex Acosta resigns, the #MeToo reckoning continues"
7/17/2020,Analysis: Steve Bullock won‚t be on the debate stage. But he‚ll keep talking about his signature issue.
7/17/2020,Analysis: Here‚s the soundtrack of 2020. What presidential candidates‚ walk-up songs say about them.
7/17/2020,Analysis: Pompeo‚s strong statement on Tiananmen underscores Trump‚s situational approach to human rights
7/17/2020,Analysis: Trump may have been lucky to be investigated by Mueller ‚Äî and five other takeaways
7/17/2020,Analysis: Why a judge compared Trump to James Buchanan in ruling against his bid to conceal financial records
7/17/2020,Analysis: The Koch network is reorganizing under a new name and with new priorities
7/17/2020,Analysis: Mnuchin's refusal to release Trump's taxes recalls a treasury secretary who resisted White House pressure
7/17/2020,Analysis: Amy Klobuchar‚s home-field advantage in Iowa
7/17/2020,"Analysis: Trump looks to defuse trade wars as 2020 nears, deploying Pence to Michigan and Mnuchin to China"
7/17/2020,Analysis: The Mueller report showcases eight Trump loyalists who resisted the president to protect themselves
7/17/2020,Analysis: Bill Barr‚s clampdown on asylum seekers is the attorney general‚s latest show of loyalty to Trump
7/17/2020,"Analysis: Tax returns show 2020 candidates gave to charity, but not a ton"
7/17/2020,Analysis: Mnuchin gets riled but Barr keeps his cool in pugnacious congressional appearances
7/17/2020,"Analysis: Trump is teeing up stress tests for several institutions, from DHS to DOJ and the IRS"
7/17/2020,Analysis: Trump keeps pushing legal boundaries ‚Äî and 10 other takeaways from Kirstjen Nielsen‚s ouster
7/17/2020,Analysis: Trump faces many obstacles if he‚s serious about trying to make Republicans the party of health care‚
7/17/2020,: Michael Cohen hearing showcased fresh faces ‚Äì and the significance of divided government
7/17/2020,: Trump‚s discredited denials that he intervened for Kushner show his challenges in rebutting Cohen
7/17/2020,: John Hickenlooper is the first in a string of moderate candidates expected to announce for president
7/17/2020,: Trump suggests his embrace of the madman theory‚ brought North Korea to the table
7/17/2020,: Four in five Americans want Mueller‚s report made public in its entirety. That may not happen.
7/17/2020,: The State of the Union offered a taste of the Trump presidency that might have been
7/17/2020,: Trump presents a false choice between investigations and prosperity in State of the Union
7/17/2020,: Sherrod Brown wants to wrest the populist mantle away from Trump as he heads from Ohio to Iowa
7/17/2020,": With a Godfather reference and a Nixon quote, Mueller accuses Roger Stone of witness tampering"
7/17/2020,: The 11 GOP senators who broke with Trump over relaxing sanctions against a Putin-linked oligarch
7/17/2020,": I was callous.‚ Apologizing for apostasies, 2020 Democrats illustrate the party‚s leftward drift."
7/17/2020,: Wall fight underscores Trump‚s weaknesses
7/17/2020,: Ballooning deficits cloud Paul Ryan‚s farewell tour
7/17/2020,: The new Russia revelations are more consequential than Trump‚s newsless immigration speech
7/17/2020,: Six key quotes from Michael Cohen‚s sentencing ‚Äî and why his dirty deeds‚ matter
7/17/2020,: GM layoffs show why there‚s a crisis of confidence in American capitalism
7/17/2020,: Trump gets rebuked by another federal judge as he tests the limits on immigration law
7/17/2020,: Four ways the midterm results challenged conventional wisdom
7/17/2020,: Democratic challenger defies gravity in Upstate New York district Trump carried by 16 points
7/17/2020,: Trump‚s fantastical promises of imminent new tax cuts showcase his failure to sell last year‚s bill
7/17/2020,: Following in Bush 41‚s footsteps? Five takeaways from Nikki Haley‚s departure as U.N. ambassador.
7/17/2020,Analysis: Kavanaugh won‚t even go as far as Gorsuch in defending judges from Trump‚s personal attacks
7/17/2020,: Kavanaugh‚s memory of himself in high school is very different than his portrayal in the yearbook
7/17/2020,Analysis: Kavanaugh could offer the decisive vote to uphold Trump‚s crusade against affirmative action
7/17/2020,Analysis: Gillum‚s upset in Florida primary captures the story of the midterms in miniature
7/17/2020,Analysis: Kavanaugh hearing offers an unprecedented‚ display of the Senate‚s institutional decline
7/17/2020,Analysis: Democratic push for redistricting commissions gains steam as midterms approach
7/17/2020,Analysis: Bernie and Hillary who? Democratic Senate hopefuls sidestep personalities to run on policy
7/17/2020,Analysis: This is a terrible year for GOP lieutenant governors running for higher office
7/17/2020,Analysis: Trump‚s Helsinki performance is a final straw‚ for some Republicans. Others are just disappointed.
7/17/2020,Analysis: Carter Page FISA warrants underscore the difficulty of disproving presidential falsehoods
7/17/2020,"Analysis: The Koch network, down a brother, emphasizes its staying power"
7/17/2020,Analysis: Why U.S. v. Nixon matters ‚Äî now more than ever
7/17/2020,Analysis: GOP candidates caught in a bind on Medicaid
7/17/2020,Analysis: Crowley going down spotlights the looming Democratic identity crisis
7/17/2020,Analysis: Liberal hostility toward Trump aides could galvanize the GOP base
7/17/2020,Analysis: Rex Tillerson is just the latest Trump aide to speak out after getting fired
7/17/2020,"Analysis: The Democratic establishment strikes back in California, New Jersey and other primaries"
7/17/2020,Analysis: Rudy Giuliani is repeating seven mistakes that brought down previous Trump advisers
7/17/2020,"Analysis: Hey, Republicans: Pelosi attack ads may not be enough to keep the House"
7/17/2020,"Analysis: Mueller may release multiple reports on Trump, obstruction and Russian interference"
7/17/2020,Analysis: Trump‚s increasingly confrontational approach to Mueller enabled by congressional GOP timidity
7/17/2020,Analysis: Peter Navarro gets his 15 minutes of fame as the salesman for the Trump tariffs
7/17/2020,Analysis: Trump is driving a surge in public support for stricter gun laws since Florida
7/17/2020,Analysis: Koch network laying groundwork to fundamentally transform America‚s education system
7/17/2020,Analysis: Seven takeaways from the failed Democratic government shutdown
7/17/2020,Analysis: Friday news dumps tell the story of Trump‚s first year
7/17/2020,Analysis: Why so many women are still supporting Roy Moore in the Alabama Senate race
7/17/2020,Analysis: Inside Scott Walker‚s comeback strategy
7/17/2020,Analysis: Anti-Trump backlash fuels a Democratic sweep in Virginia and elections across the country
7/17/2020,Analysis: 10 takeaways from Mueller‚s shock-and-awe gambit
7/17/2020,Analysis: Negative ads are helping Ed Gillespie win over Trump supporters in the Virginia governor‚s race
7/17/2020,Analysis: Trump bowing to CIA on JFK files is a reminder of how the presidency changes people
7/17/2020,Analysis: Trump‚s attacks on Senate Republicans are paying political dividends
7/17/2020,Analysis: Gillespie keeps the door open to campaigning with Trump. Would it help or hurt in Virginia?
7/17/2020,Analysis: The reading list that helped Hillary Clinton cope
7/17/2020,"Analysis: Trump stumbles are undercutting executive power, which may be healthy for America long-term"
7/17/2020,Analysis: Mueller impaneling a grand jury makes it more politically difficult for Trump to fire him
7/17/2020,Analysis: Jeff Flake delivers the most courageous conservative rebuttal of Trumpism yet
7/17/2020,Analysis: Trump‚s inexperience contributed to Comey interactions that now cloud his presidency
7/17/2020,Analysis: John Kelly proves he can manage up on his first day as chief of staff
7/17/2020,Analysis: Trump is the disrupter-in-chief in an age of disruption
7/17/2020,"Analysis: Trump shows disdain for rule of law with new attacks on Sessions, Rosenstein, Mueller"
7/17/2020,Analysis: Trump dysfunction follows family from the campaign to the White House
7/17/2020,Analysis: Senate Republicans want to get to yes on the health-care bill
7/17/2020,"Analysis: Thwarted in Washington, the Koch network racks up conservative victories in the states"
7/17/2020,Analysis: Congressional shooting clouds final days of Georgia special election
7/17/2020,Analysis: Leftward lurch in Democratic gubernatorial primary reflects the transformation of Virginia
7/17/2020,"Analysis: Ohio is hurting because of Obamacare‚s uncertain future, but Trumpcare could make matters worse"
7/17/2020,Analysis: James Mattis emerges as the most un-Trumpian member of the cabinet
7/17/2020,Analysis: Trump‚s warning to Comey deepens doubts about his respect for the rule of law
7/17/2020,Analysis: Comey was not the only official to resist Trump entreaties
7/17/2020,Analysis: Trump‚s chaotic White House once again makes a bad story worse
7/17/2020,Analysis: Why is Paul Ryan really defending Trump firing Comey?
7/17/2020,Analysis: Firing FBI director Comey is already backfiring on Trump. It‚s only going to get worse.
7/17/2020,Analysis: 10 important questions raised by Sally Yates‚s testimony on the compromised‚ Michael Flynn
7/17/2020,Analysis: Eight ways Trump got rolled in his first budget negotiation
7/17/2020,Analysis: 15 Trumpists who did not survive the first 100 days
7/17/2020,"Analysis: Trump‚s lurch toward corporatism, globalism shows why Bannon‚s marginalization matters"
7/17/2020,"Analysis: Nikki Haley benefits from chaos in Trump White House, emerges as the darling of the hawks"
7/17/2020,Analysis: Congressional Black Caucus leaders will meet today with Donald Trump despite pressure not to
7/17/2020,Analysis: Trump team taking more and more credit for Obama successes
7/17/2020,Analysis: Two big things missing from House GOP Obamacare replacement: cost and how many will lose coverage
7/17/2020,Analysis: Wiretapping allegations accomplished what Trump wanted ‚Äì but may backfire bigly
7/17/2020,Analysis: What killed Andrew Puzder‚s nomination to be labor secretary
7/17/2020,Analysis: The price of loyalty to Trump is high and rising
7/17/2020,Analysis: It‚s bigger than Flynn. New Russia revelations widen Trump‚s credibility gap.
7/17/2020,Analysis: Five books to understand Stephen K. Bannon
7/17/2020,Analysis: Rex Tillerson‚s struggles show the risk of a president and secretary of state with no government experience
7/17/2020,Analysis: Sheriff Joe Arpaio‚s struggle to survive explains why Trump may lose Arizona
7/17/2020,"Analysis: If these Latinos vote, Hillary Clinton will probably win Florida"
7/17/2020,Analysis: Republican politicians fall back in line behind Trump after defecting
7/17/2020,Analysis: Can Trump chairman Paul Manafort survive new Ukraine revelations?
7/17/2020,Analysis: Conservative wonks dismayed by Trump‚s lack of substance
7/17/2020,Analysis: Why some Republican politicians are really coming out against Trump
7/17/2020,"Analysis: Democrats claim patriotism, God and American exceptionalism at convention"
7/17/2020,Analysis: GOP establishment offers lukewarm endorsement of Trump
7/17/2020,"Analysis: Bernie Sanders lost last night‚s debate, but Democratic unity may be the biggest loser"
7/17/2020,The Finance 202: Mnuchin won't comment on whether Trump's middle-class tax cut is real or imaginary
7/17/2020,The Finance 202: Wall Street predicts economy slowing dramatically as 2020 nears
7/17/2020,The Finance 202: The president's party just suffered a historically big wipeout during a strong economy
7/17/2020,The Finance 202: Trump says he won't fire his Fed chair. It's not clear he could.
7/17/2020,The Energy 202: EPA finally added West Virginia site plagued by chemical dumping to priority cleanup list
7/17/2020,Analysis | The Trailer: What Trump had in 2016
7/17/2020,Analysis | The Trailer: What mattered in Friday's debate
7/17/2020,Analysis | The Trailer: What Republicans' attacks have added to Biden's pitch in Iowa
7/17/2020,"Analysis | The Trailer: In Iowa, polls and the ground game start to clarify a competitive race for the 2020 caucuses"
7/17/2020,"Analysis | The Trailer: Justin Amash, a primary challenge and the GOP's rapid realignment"
7/17/2020,"The Trailer: Elizabeth Warren has a theory on how to win, and lots of plans"
7/17/2020,The Trailer: A 50-state rundown of a divided America
7/17/2020,Analysis | The Health 202: Trump agrees administration should get 'A plus' on Puerto Rico
7/17/2020,Analysis | The Cybersecurity 202: The U.S. is racking up tactical victories in Huawei fight
7/17/2020,Analysis | Power Up: FDA says the food supply in this country is safe‚ despite empty grocery shelves
7/17/2020,Analysis | Power Up: Alan Dershowitz's brazen legal arguments in Senate impeachment trial have legal scholars and former colleagues shaking their heads
7/17/2020,Analysis | Power Up: Andrew Yang is still standing. That's how unpredictable the 2020 race has been.
7/17/2020,Analysis | Power Up: Nixon led a similar campaign to get chummy with Republicans considering impeaching him
7/17/2020,"Analysis | Power Up: Impeachment process heads to end on Capitol Hill as it began, with opinions pretty much unchanged"
7/17/2020,Analysis | Power Up: Republicans' latest explanation for not passing gun-control laws: Impeachment
7/17/2020,Analysis | Power Up: Gordon Sondland has a lot of explaining to do. Impeachment investigators are getting ready.
7/17/2020,Analysis | Power Up: Rudy Giuliani's Ukraine business ties in spotlight of House Democrats
7/17/2020,Analysis | Power Up: Trump may still be a historical underdog for reelection
7/17/2020,Analysis | Power Up: Hyde Amendment fight is coming to Congress
7/17/2020,Analysis | Power Up: Trump‚s deal with Mexico averts another potential conflict ‚Äî with Republicans
7/17/2020,"Analysis | Power Up: Pomp, protests and British humour: Trump gets royal treatment in England"
7/17/2020,Analysis | Power Up: 'Ready to rumble:' Washington waits for the Mueller report
7/17/2020,"Power Up: Short changed, here's how Trump could get more money for the wall without Congress"
7/17/2020,"Power Up: Trump's State of the Union address was Stephen Miller's speech, too"
7/17/2020,Power Up: Trump's birthright citizenship comments just made life harder for Republicans in tight races
7/17/2020,Review | How Newt Gingrich made nastiness a virtue
7/17/2020,: Spartacus‚ on TCM